fold,case,NN_MAE,NN_RMSE,NN_R2,RF_MAE,RF_RMSE,RF_R2,RMSE_gap_NN_minus_RF,winner,AoA,Freestream_Mach
1,0.68__-1.0,0.031298158524801216,0.036670778260267226,0.9905504578299877,0.011162060798253834,0.01400175740788526,0.9986223604218799,0.022669020852381965,Random forest tuned (AoA x Mach),-1.0,0.68
2,0.68__-2.0,0.05233094626788517,0.06483729952615822,0.9758024560850621,0.012745062511117672,0.016925832369527098,0.9983509967138672,0.04791146715663112,Random forest tuned (AoA x Mach),-2.0,0.68
3,0.68__-3.0,0.04777662018340315,0.06136329638684716,0.985094531595735,0.015852031457135856,0.025168896029735516,0.9974924095989208,0.03619440035711165,Random forest tuned (AoA x Mach),-3.0,0.68
4,0.68__-4.0,0.0692396926787386,0.09499586864862294,0.977503143348457,0.03973802236262425,0.0861279727618422,0.9815072774185539,0.008867895886780747,Random forest tuned (AoA x Mach),-4.0,0.68
5,0.68__0.0,0.03124575502085708,0.038269548204080295,0.9901277674098657,0.012238408381140917,0.015729871591139945,0.9983321420354496,0.02253967661294035,Random forest tuned (AoA x Mach),0.0,0.68
6,0.68__1.0,0.025895960044086924,0.032816289918711675,0.9944494687027416,0.014075434958903602,0.019645473970194432,0.9980107900707262,0.013170815948517243,Random forest tuned (AoA x Mach),1.0,0.68
7,0.68__10.0,0.04812480006262398,0.09482872101906674,0.9835311144724846,0.04039874387671586,0.1043692380246349,0.9800506178318213,-0.009540517005568155,Neural network,10.0,0.68
8,0.68__11.0,0.06830273705671461,0.1046073616942153,0.9758083524232861,0.020283321186410356,0.05766250627427605,0.992649312176772,0.04694485541993926,Random forest tuned (AoA x Mach),11.0,0.68
9,0.68__12.0,0.038460826607768596,0.0698699331242925,0.9881723688813733,0.01580253096552364,0.04230528307570081,0.9956638297361654,0.02756465004859169,Random forest tuned (AoA x Mach),12.0,0.68
10,0.68__13.0,0.040948441583669365,0.07671416780841313,0.9850141742774184,0.013708768414604838,0.029900858826353627,0.9977233469770148,0.0468133089820595,Random forest tuned (AoA x Mach),13.0,0.68
11,0.68__14.0,0.029299133147206616,0.05469716971301766,0.9921863052343121,0.012308397234587399,0.02571082691144447,0.9982735308507031,0.02898634280157319,Random forest tuned (AoA x Mach),14.0,0.68
12,0.68__15.0,0.03168305592570728,0.05720464210982578,0.9914590243653968,0.010184293921407683,0.01772885122871073,0.9991796368792578,0.03947579088111505,Random forest tuned (AoA x Mach),15.0,0.68
13,0.68__16.0,0.030528007167319137,0.05599467419270255,0.9918731922411825,0.009195391207144658,0.014295410230196811,0.9994703124224228,0.04169926396250574,Random forest tuned (AoA x Mach),16.0,0.68
14,0.68__17.0,0.04153292670905753,0.06377843158007512,0.989688598594658,0.008823673050851185,0.013089524213491651,0.9995656720829361,0.05068890736658347,Random forest tuned (AoA x Mach),17.0,0.68
15,0.68__18.0,0.029120638481189367,0.05537079087680835,0.9923744182756484,0.00940585100123409,0.013233810773486539,0.9995644065231784,0.042136980103321814,Random forest tuned (AoA x Mach),18.0,0.68
16,0.68__19.0,0.028252281700635953,0.05460167826878306,0.99273912806413,0.008660103908532064,0.012034027581753254,0.9996473054094303,0.04256765068702981,Random forest tuned (AoA x Mach),19.0,0.68
17,0.68__2.0,0.04938978446027928,0.058620293228125495,0.9883052820547175,0.019730207600177217,0.03143803104691848,0.9966363991320533,0.027182262181207013,Random forest tuned (AoA x Mach),2.0,0.68
18,0.68__20.0,0.024006172529847224,0.04841869032966843,0.9944678251496479,0.007786114488723725,0.012338976535036537,0.999640724089662,0.036079713794631894,Random forest tuned (AoA x Mach),20.0,0.68
19,0.68__21.0,0.028105126085388583,0.04724500100172253,0.9948118224355836,0.00924217753371979,0.011874558903577187,0.9996722534879441,0.03537044209814534,Random forest tuned (AoA x Mach),21.0,0.68
20,0.68__22.0,0.03060627374013533,0.06511788580531537,0.9904260999040225,0.010807811058174925,0.012838377606720698,0.9996278580765275,0.05227950819859467,Random forest tuned (AoA x Mach),22.0,0.68
21,0.68__23.0,0.049946830318131547,0.07251690093319393,0.9884660569655704,0.006854652127150674,0.010501969120742003,0.9997580972507003,0.062014931812451934,Random forest tuned (AoA x Mach),23.0,0.68
22,0.68__24.0,0.040543464642459955,0.0715674229377132,0.9889476647642945,0.005909829994357967,0.013225368470109163,0.9996225678833421,0.05834205446760404,Random forest tuned (AoA x Mach),24.0,0.68
23,0.68__3.0,0.06726508386780021,0.08429275515943079,0.9850187017065115,0.04869038176854534,0.09804354187072219,0.9797321847524012,-0.013750786711291402,Neural network,3.0,0.68
24,0.68__4.0,0.06244542212994016,0.10248909862647596,0.9847965234763113,0.05643157637723103,0.13889709891282173,0.9720762391147295,-0.036408000286345776,Neural network,4.0,0.68
25,0.68__5.0,0.06191725462798916,0.09311484508934274,0.9901101281809064,0.03996299034073428,0.07057592484877306,0.9943184613081694,0.02253892024056968,Random forest tuned (AoA x Mach),5.0,0.68
26,0.68__6.0,0.0720064702038442,0.10062333041765284,0.9896107587887227,0.05428300429103772,0.0640293458742801,0.9957932705211372,0.036593984543372746,Random forest tuned (AoA x Mach),6.0,0.68
27,0.68__7.0,0.034769111994599894,0.05402728295261855,0.9969355950090912,0.04242176021559069,0.05051358025113783,0.9973212251763323,0.0035137027014807212,Random forest tuned (AoA x Mach),7.0,0.68
28,0.68__8.0,0.03868215775929636,0.05770303567113524,0.9960720918352507,0.027093264495614982,0.046738041991142974,0.9974230556998804,0.010964993679992263,Random forest tuned (AoA x Mach),8.0,0.68
29,0.68__9.0,0.08981882433303545,0.12371937048195437,0.978646584102714,0.05897095781767526,0.14737607021109533,0.9696997717872343,-0.02365669972914096,Neural network,9.0,0.68
30,0.72__-1.0,0.02909055438966779,0.03381061028659723,0.9927631045251102,0.011602616769079402,0.01777491743030621,0.9979998550771217,0.01603569285629102,Random forest tuned (AoA x Mach),-1.0,0.72
31,0.72__-2.0,0.028669087799760903,0.03579482602611975,0.9933760523952478,0.012529641489487089,0.025785482834545282,0.9965626250109807,0.010009343191574465,Random forest tuned (AoA x Mach),-2.0,0.72
32,0.72__-3.0,0.05193792250094941,0.06202300097384576,0.9863414186468634,0.02053166287358442,0.046445903043068996,0.9923405979823521,0.015577097930776766,Random forest tuned (AoA x Mach),-3.0,0.72
33,0.72__-4.0,0.059789103383247215,0.08141372913915441,0.9843013981577263,0.04991253220219217,0.07053367278114572,0.988216924070705,0.010880056358008691,Random forest tuned (AoA x Mach),-4.0,0.72
34,0.72__0.0,0.022248294157204862,0.029010586483205023,0.9948983832567199,0.01085957671371833,0.01573879713113775,0.9984984566085026,0.013271789352067274,Random forest tuned (AoA x Mach),0.0,0.72
35,0.72__1.0,0.027412944104935815,0.032047169964248626,0.9952519368364543,0.01949441245803678,0.03440494639929756,0.9945275866769689,-0.0023577764350489333,Neural network,1.0,0.72
36,0.72__10.0,0.039724998268432204,0.0754659919417349,0.9891821566702002,0.022871356589597127,0.06638040119821793,0.9916301463639655,0.00908559074351696,Random forest tuned (AoA x Mach),10.0,0.72
37,0.72__11.0,0.03634549383256619,0.05906785283548486,0.9922345528818813,0.01528751455868658,0.044584352584213637,0.995575858311606,0.014483500251271222,Random forest tuned (AoA x Mach),11.0,0.72
38,0.72__12.0,0.02809788066672207,0.05148490969559392,0.993627587011738,0.008336799040327544,0.025377123385509376,0.9984517938581816,0.026107786310084542,Random forest tuned (AoA x Mach),12.0,0.72
39,0.72__13.0,0.02978760673333918,0.05482643066176527,0.9924548552970586,0.006091580746265268,0.017840774843035943,0.9992010583695453,0.03698565581872933,Random forest tuned (AoA x Mach),13.0,0.72
40,0.72__14.0,0.02509877376434864,0.04709260481692211,0.9943160162778185,0.004463373549462037,0.012320968025781021,0.9996109216545134,0.03477163679114109,Random forest tuned (AoA x Mach),14.0,0.72
41,0.72__15.0,0.027403005344162523,0.04979767527361299,0.9936729657475601,0.0036438434589252957,0.007923190064256354,0.9998398296236785,0.04187448520935664,Random forest tuned (AoA x Mach),15.0,0.72
42,0.72__16.0,0.026376205424571756,0.04280507400928135,0.9953771769955952,0.005325608158947233,0.007403118959196343,0.9998617241880593,0.03540195505008501,Random forest tuned (AoA x Mach),16.0,0.72
43,0.72__17.0,0.02912666845116114,0.057317480580732307,0.9919519860650483,0.004244396509279656,0.006428276653770104,0.9998987713015064,0.0508892039269622,Random forest tuned (AoA x Mach),17.0,0.72
44,0.72__18.0,0.03257762290231874,0.06321034092675591,0.9904169396997002,0.0037181869064154692,0.005264281380975447,0.999933532989654,0.057946059545780464,Random forest tuned (AoA x Mach),18.0,0.72
45,0.72__19.0,0.03300809804664411,0.06469374887557476,0.9902056007453418,0.00431646492683594,0.005498459279572151,0.9999292485747542,0.05919528959600261,Random forest tuned (AoA x Mach),19.0,0.72
46,0.72__2.0,0.04542378088118609,0.06624412338769985,0.9865580859567333,0.03229092895408079,0.06335143581552297,0.9877063930533254,0.0028926875721768802,Random forest tuned (AoA x Mach),2.0,0.72
47,0.72__20.0,0.03677810607188247,0.06053057155196151,0.9917071670721396,0.003501998407662811,0.004969152589116002,0.9999441120689595,0.055561418962845506,Random forest tuned (AoA x Mach),20.0,0.72
48,0.72__21.0,0.04243965066701603,0.06926173051918615,0.9893212199956162,0.0031109076323802627,0.004686091487967871,0.9999511171532692,0.06457563903121827,Random forest tuned (AoA x Mach),21.0,0.72
49,0.72__22.0,0.036650054635417866,0.07765970613763225,0.9869753672863236,0.002890836718765746,0.0038910056521195163,0.9999673037667474,0.07376870048551273,Random forest tuned (AoA x Mach),22.0,0.72
50,0.72__23.0,0.05747018418016742,0.09075215855328926,0.9827311815224513,0.004189565446943058,0.005017012212632936,0.9999472236910221,0.08573514634065632,Random forest tuned (AoA x Mach),23.0,0.72
51,0.72__24.0,0.03502786177357095,0.06668900894168682,0.9908334079113131,0.006513716766422188,0.01093128060199183,0.9997537130139312,0.05575772833969499,Random forest tuned (AoA x Mach),24.0,0.72
52,0.72__3.0,0.048048784515606215,0.0695534776514139,0.9900922522278407,0.029798555603050753,0.05366198733179506,0.9941024620005078,0.01589149031961884,Random forest tuned (AoA x Mach),3.0,0.72
53,0.72__4.0,0.05702916647918074,0.06908871088952644,0.9922252988147119,0.027122338035719794,0.04363941815944005,0.9968981025867563,0.025449292730086386,Random forest tuned (AoA x Mach),4.0,0.72
54,0.72__5.0,0.03712170099757616,0.05332730409637581,0.9956851178939552,0.02896273762808188,0.04117187840035536,0.9974279995567357,0.012155425696020447,Random forest tuned (AoA x Mach),5.0,0.72
55,0.72__6.0,0.03428107173121639,0.052142298099183526,0.9959096754482015,0.015977204171881615,0.030373526213781615,0.9986120690475115,0.02176877188540191,Random forest tuned (AoA x Mach),6.0,0.72
56,0.72__7.0,0.03432572998658754,0.060288064981291654,0.9944937646939063,0.019562272971475617,0.050371419270975236,0.9961562029196211,0.009916645710316419,Random forest tuned (AoA x Mach),7.0,0.72
57,0.72__8.0,0.0372861818283395,0.059838495460568235,0.994439395496379,0.02094020097101699,0.039630200012948695,0.9975609921125139,0.02020829544761954,Random forest tuned (AoA x Mach),8.0,0.72
58,0.72__9.0,0.037916561813424836,0.06563993922630645,0.9928410682424353,0.03202059286837192,0.07936201386712378,0.9895350479780809,-0.01372207464081733,Neural network,9.0,0.72
59,0.74__-1.0,0.02576788456797142,0.034793194966844826,0.9928286298383336,0.008774756373537222,0.013892811509605345,0.9988566115378992,0.02090038345723948,Random forest tuned (AoA x Mach),-1.0,0.74
60,0.74__-2.0,0.033896064220261084,0.04583884768382644,0.989852497105316,0.013958591436563852,0.030015296081645177,0.9956491204128286,0.015823551602181265,Random forest tuned (AoA x Mach),-2.0,0.74
61,0.74__-3.0,0.05697873885687771,0.06973303149209796,0.983544168971961,0.02739062229287469,0.048013047323684395,0.992198802554165,0.021719984168413566,Random forest tuned (AoA x Mach),-3.0,0.74
62,0.74__-4.0,0.05475295933572013,0.07311891060380477,0.9861821798111955,0.03059908224392378,0.051581837126048025,0.9931234006153672,0.02153707347775674,Random forest tuned (AoA x Mach),-4.0,0.74
63,0.74__0.0,0.039265740413274595,0.04952590337937449,0.9861359009620961,0.009119392320665934,0.013841515614852664,0.9989170855869894,0.03568438776452183,Random forest tuned (AoA x Mach),0.0,0.74
64,0.74__1.0,0.029872800364479136,0.04207164247118176,0.9924202748212971,0.02216415938883959,0.042269805526339174,0.9923487036264891,-0.00019816305515741456,Neural network,1.0,0.74
65,0.74__10.0,0.032746346322095325,0.05290419594339267,0.9946419430421677,0.03651181078394897,0.0950838333959882,0.9826922563396014,-0.04217963745259552,Neural network,10.0,0.74
66,0.74__11.0,0.038210713592304844,0.06530577042863975,0.9907110721454317,0.021907098577839876,0.06826010986183141,0.9898516265360403,-0.0029543394331916634,Neural network,11.0,0.74
67,0.74__12.0,0.03433125935107432,0.06209631018001386,0.9908487294886941,0.010372796620805709,0.03626736352220432,0.9968783674928571,0.02582894665780954,Random forest tuned (AoA x Mach),12.0,0.74
68,0.74__13.0,0.03963806526551164,0.07002930224219903,0.9879802759508495,0.006992202609392636,0.023432079801325792,0.9986542742135184,0.046597222440873234,Random forest tuned (AoA x Mach),13.0,0.74
69,0.74__14.0,0.040606382302989574,0.06313038230176288,0.9900656212512065,0.005255325956550057,0.014592511364290971,0.9994692085052344,0.0485378709374719,Random forest tuned (AoA x Mach),14.0,0.74
70,0.74__15.0,0.030810223061566704,0.06435541314784954,0.9896661776997596,0.003063851781679741,0.00619294677122869,0.999904305821575,0.05816246637662085,Random forest tuned (AoA x Mach),15.0,0.74
71,0.74__16.0,0.028837345366376308,0.05893737249208914,0.9914322325920585,0.004284449801674625,0.005425670440155868,0.9999273905831771,0.05351170205193327,Random forest tuned (AoA x Mach),16.0,0.74
72,0.74__17.0,0.03635599695995558,0.06665841550600501,0.9893968690947514,0.003839400284061051,0.005697444282352782,0.9999225387814865,0.06096097122365223,Random forest tuned (AoA x Mach),17.0,0.74
73,0.74__18.0,0.024779789021310686,0.05242258168421537,0.9935697059021158,0.0032762870724364845,0.004514072562338154,0.9999523205652465,0.04790850912187721,Random forest tuned (AoA x Mach),18.0,0.74
74,0.74__19.0,0.03723937197477519,0.06737957118381792,0.9896524987811912,0.002648039816593678,0.003995662684023641,0.9999636121298519,0.06338390849979428,Random forest tuned (AoA x Mach),19.0,0.74
75,0.74__2.0,0.03292223125322868,0.04852736879636585,0.9929998527138263,0.036961923048234306,0.06080150748797008,0.9890108934581078,-0.01227413869160423,Neural network,2.0,0.74
76,0.74__20.0,0.03551718422391511,0.06326150332278553,0.991179885748137,0.0036529729102988072,0.00499003580214277,0.9999451214639219,0.05827146752064276,Random forest tuned (AoA x Mach),20.0,0.74
77,0.74__21.0,0.031127565191740644,0.06123532435670652,0.9918848965630988,0.0031326848007723965,0.003936287564613657,0.9999664676762136,0.05729903679209286,Random forest tuned (AoA x Mach),21.0,0.74
78,0.74__22.0,0.056400736945618195,0.07947743337084669,0.9867252547430245,0.0037792634199604394,0.0045946499957851,0.9999556347026805,0.07488278337506159,Random forest tuned (AoA x Mach),22.0,0.74
79,0.74__23.0,0.033278988918479836,0.07274830069744116,0.9892054279645665,0.004544032716130027,0.005692135128642309,0.9999339138996753,0.06705616556879886,Random forest tuned (AoA x Mach),23.0,0.74
80,0.74__24.0,0.045921705529398525,0.07831455373044828,0.9877063905385873,0.007401800996762408,0.010356800140403582,0.9997849964411356,0.0679577535900447,Random forest tuned (AoA x Mach),24.0,0.74
81,0.74__3.0,0.033353392539453,0.043817640871695755,0.9957354026578561,0.03775213403485258,0.06338812554582159,0.9910752539438602,-0.01957048467412583,Neural network,3.0,0.74
82,0.74__4.0,0.039663410952567556,0.05583564236463623,0.9938991840394736,0.017294118679083453,0.02352584438748807,0.9989169329827164,0.032309797977148155,Random forest tuned (AoA x Mach),4.0,0.74
83,0.74__5.0,0.04154721830158143,0.06254020945699541,0.9927554090402756,0.02186183093375513,0.03511292026887175,0.9977163522915871,0.027427289188123663,Random forest tuned (AoA x Mach),5.0,0.74
84,0.74__6.0,0.03471259428424584,0.04854489813863141,0.9957784881501002,0.030341816035295673,0.04850627630110086,0.9957852026636139,3.862183753054749e-05,Random forest tuned (AoA x Mach),6.0,0.74
85,0.74__7.0,0.0373538825831939,0.05878107642492424,0.9939262889950256,0.028601980832307625,0.059902668371119946,0.9936922947494422,-0.0011215919461957033,Neural network,7.0,0.74
86,0.74__8.0,0.03310649700996499,0.05161746941071848,0.9953599956904775,0.028726903146350635,0.055446374857722865,0.9946460873746591,-0.0038289054470043854,Neural network,8.0,0.74
87,0.74__9.0,0.03641567372826925,0.05649566156409045,0.9942959299139538,0.0343310181136793,0.0902247965314496,0.9854518932691391,-0.03372913496735915,Neural network,9.0,0.74
88,0.76__-1.0,0.03768910479238208,0.04960119735561242,0.9866392323328506,0.014908170923708679,0.03457493736289225,0.9935081287908331,0.01502625999272017,Random forest tuned (AoA x Mach),-1.0,0.76
89,0.76__-2.0,0.04845121357160612,0.06405673939053673,0.9814389423480349,0.019127853049430658,0.042933838964513964,0.9916617961435322,0.021122900426022766,Random forest tuned (AoA x Mach),-2.0,0.76
90,0.76__-3.0,0.04092194518849286,0.060763297477302115,0.9872022598178618,0.031306307359332285,0.05522453596790513,0.9894290316694931,0.005538761509396986,Random forest tuned (AoA x Mach),-3.0,0.76
91,0.76__-4.0,0.054835987393556634,0.08437049468376373,0.9782397046653172,0.052229811327904545,0.06690509013012488,0.9863163513448188,0.017465404553638847,Random forest tuned (AoA x Mach),-4.0,0.76
92,0.76__0.0,0.03171192550928218,0.0481504743982405,0.9880517759234441,0.019617778622788424,0.04297893053163475,0.9904805155870353,0.005171543866605753,Random forest tuned (AoA x Mach),0.0,0.76
93,0.76__1.0,0.02787562533866415,0.03872410007410882,0.9939453676034387,0.03118506888865355,0.06075843983599506,0.9850947817468675,-0.02203433976188624,Neural network,1.0,0.76
94,0.76__10.0,0.04901808224526557,0.0773890894277029,0.988405157151915,0.027858692765506888,0.07140973587472199,0.9901276567512768,0.005979353552980904,Random forest tuned (AoA x Mach),10.0,0.76
95,0.76__11.0,0.04421551586676529,0.07878315866975519,0.9871135400091164,0.02646191001200576,0.08788732516020797,0.9839631397182851,-0.009104166490452786,Neural network,11.0,0.76
96,0.76__12.0,0.04056797586925336,0.06756474885171579,0.9895648134357983,0.019823430351909647,0.0634629469415825,0.9907933771130071,0.00410180191013329,Random forest tuned (AoA x Mach),12.0,0.76
97,0.76__13.0,0.03989027915039693,0.06648937826934626,0.9895115783418618,0.01028563148344003,0.032977405378660604,0.9974198879887867,0.03351197289068565,Random forest tuned (AoA x Mach),13.0,0.76
98,0.76__14.0,0.03545643378595303,0.06491172431757156,0.989874526123277,0.008084695825161041,0.023201136780161176,0.9987064369710575,0.04171058753741038,Random forest tuned (AoA x Mach),14.0,0.76
99,0.76__15.0,0.032655161090981204,0.061548429447699365,0.9908671902969364,0.0054951715692395054,0.012843615405627019,0.9996023096594631,0.048704814042072345,Random forest tuned (AoA x Mach),15.0,0.76
100,0.76__16.0,0.027402687052602504,0.05477414598772836,0.9928369035599082,0.006377246291345025,0.010434526805919359,0.9997400468487279,0.044339619181809,Random forest tuned (AoA x Mach),16.0,0.76
101,0.76__17.0,0.03701909829239017,0.060057865798506783,0.9916502254812815,0.004733482658782282,0.007940878199527168,0.9998540271703501,0.05211698759897962,Random forest tuned (AoA x Mach),17.0,0.76
102,0.76__18.0,0.0346403412608006,0.06109407570273833,0.9915273502523634,0.004187267794599467,0.005403863714562432,0.9999337127761104,0.0556902119881759,Random forest tuned (AoA x Mach),18.0,0.76
103,0.76__19.0,0.03376847118642641,0.05635601458731057,0.9929930480224396,0.005352380363056704,0.007114109093252692,0.9998883420534377,0.04924190549405788,Random forest tuned (AoA x Mach),19.0,0.76
104,0.76__2.0,0.03499110584177295,0.05877360098854088,0.989180261933496,0.048755099062585405,0.07491700471898229,0.9824202393662733,-0.016143403730441402,Neural network,2.0,0.76
105,0.76__20.0,0.03616711995117277,0.06995863446196841,0.9895450574961088,0.0039267322535132,0.005772527784459599,0.999928817855948,0.06418610667750882,Random forest tuned (AoA x Mach),20.0,0.76
106,0.76__21.0,0.02829656760192843,0.05929614584705772,0.9926370918541289,0.004647330809075918,0.006072170091401973,0.9999227880878997,0.053223975755655746,Random forest tuned (AoA x Mach),21.0,0.76
107,0.76__22.0,0.04426999102857928,0.07424169090568623,0.9887754658886967,0.0035914603787915375,0.005662010717209587,0.9999347149127457,0.06857968018847664,Random forest tuned (AoA x Mach),22.0,0.76
108,0.76__23.0,0.03363800854835989,0.06876311503466778,0.9906559729037374,0.004532270354685477,0.005894209308467356,0.9999313446931952,0.06286890572620042,Random forest tuned (AoA x Mach),23.0,0.76
109,0.76__24.0,0.050330149374047124,0.08616619457533375,0.9856009850750544,0.006981070771388084,0.009381116729636506,0.9998293257373896,0.07678507784569724,Random forest tuned (AoA x Mach),24.0,0.76
110,0.76__3.0,0.049170421659555645,0.06438458450748115,0.9889362770538767,0.040341239082928464,0.054372024593074796,0.9921097910161628,0.010012559914406353,Random forest tuned (AoA x Mach),3.0,0.76
111,0.76__4.0,0.038548118870805226,0.05480301558360127,0.9928065830440183,0.020868704567354335,0.036662682082181354,0.9967806011328553,0.018140333501419914,Random forest tuned (AoA x Mach),4.0,0.76
112,0.76__5.0,0.03393871754456602,0.05273511928609929,0.9938578505492444,0.01351762240083524,0.023004569608843402,0.9988311770268897,0.029730549677255885,Random forest tuned (AoA x Mach),5.0,0.76
113,0.76__6.0,0.03749553844210944,0.054968966872246575,0.9937142266700841,0.016361636436980947,0.025593084435630183,0.9986373986159159,0.02937588243661639,Random forest tuned (AoA x Mach),6.0,0.76
114,0.76__7.0,0.03280331663730624,0.04633752574051656,0.9957235648287287,0.013324441079117242,0.03269439631004829,0.9978710627665341,0.013643129430468269,Random forest tuned (AoA x Mach),7.0,0.76
115,0.76__8.0,0.04300563068294654,0.06940261943388036,0.9907606283340731,0.019566301362052556,0.04852259368622527,0.9954837421685022,0.020880025747655094,Random forest tuned (AoA x Mach),8.0,0.76
116,0.76__9.0,0.03477427836163032,0.054166254447691894,0.9944371672864902,0.021778275836174216,0.05740372044296145,0.9937523244146826,-0.003237465995269556,Neural network,9.0,0.76
117,0.78__-1.0,0.04711414105574013,0.07003953995762009,0.9761701468025552,0.02962128557986803,0.06728465476637172,0.9780078922803053,0.002754885191248377,Random forest tuned (AoA x Mach),-1.0,0.78
118,0.78__-2.0,0.0429047308202317,0.06580708123892196,0.981204416364423,0.029757886197741168,0.06044086146172446,0.9841447954392019,0.005366219777197492,Random forest tuned (AoA x Mach),-2.0,0.78
119,0.78__-3.0,0.03236681158290336,0.05424454250245891,0.988574423719736,0.04995090627644729,0.06218344283688128,0.9849853387096927,-0.00793890033442237,Neural network,-3.0,0.78
120,0.78__-4.0,0.11072172876783676,0.14320428642352528,0.9281387206929048,0.06741298120394748,0.07918882552349882,0.9780259194081573,0.06401546090002647,Random forest tuned (AoA x Mach),-4.0,0.78
121,0.78__0.0,0.04883973723170216,0.06814906118000383,0.9783498786253968,0.03656272251736537,0.07633891004485815,0.9728335750150511,-0.008189848864854327,Neural network,0.0,0.78
122,0.78__1.0,0.053902863177749304,0.07551096485849688,0.9767999356930562,0.04803867237689125,0.0741481790091953,0.9776297865013396,0.0013627858493015788,Random forest tuned (AoA x Mach),1.0,0.78
123,0.78__10.0,0.03571512014706541,0.0638616749230485,0.9920463851347999,0.03323965292004968,0.08826559595609154,0.9848061839660757,-0.024403921033043036,Neural network,10.0,0.78
124,0.78__11.0,0.04205188228439388,0.08287088154307558,0.9864255384166011,0.04105444431931838,0.1114231541087869,0.9754602806525422,-0.02855227256571133,Neural network,11.0,0.78
125,0.78__12.0,0.0459035266270638,0.07567823900730515,0.9878293522056713,0.03277376939826559,0.10481494559015657,0.9766536987254208,-0.029136706582851418,Neural network,12.0,0.78
126,0.78__13.0,0.03978463238042679,0.07081930284557565,0.9885892324098046,0.02085006015464842,0.05746005441072245,0.9924882066603297,0.0133592484348532,Random forest tuned (AoA x Mach),13.0,0.78
127,0.78__14.0,0.03659307100840776,0.06017652085022116,0.9916943677118457,0.017630340934282673,0.04639409270647976,0.9950632183212593,0.0137824281437414,Random forest tuned (AoA x Mach),14.0,0.78
128,0.78__15.0,0.041182433532852246,0.0694546551504195,0.9888996669252816,0.015290603150640477,0.03611177898777492,0.9969992414016453,0.03334287616264458,Random forest tuned (AoA x Mach),15.0,0.78
129,0.78__16.0,0.029479144077259652,0.056073470558418964,0.9927768648433356,0.013292711386192235,0.02195322151075692,0.9988928476484116,0.034120249047662046,Random forest tuned (AoA x Mach),16.0,0.78
130,0.78__17.0,0.03820109976622754,0.0643567831966122,0.9907593009621936,0.011739601465305623,0.01740175692231197,0.999324380205517,0.04695502627430023,Random forest tuned (AoA x Mach),17.0,0.78
131,0.78__18.0,0.03964852643777698,0.06481613305967958,0.9908316700549865,0.010062417072628135,0.017788592953063176,0.9993094308162976,0.0470275401066164,Random forest tuned (AoA x Mach),18.0,0.78
132,0.78__19.0,0.043809498938096984,0.07421773483317318,0.9882920769715419,0.011351526310372353,0.0158708503717966,0.9994646166481261,0.05834688446137658,Random forest tuned (AoA x Mach),19.0,0.78
133,0.78__2.0,0.03298736152011245,0.04640609958959488,0.992224260259204,0.062222754186504754,0.07829581543425823,0.9778655526151991,-0.03188971584466335,Neural network,2.0,0.78
134,0.78__20.0,0.03703057585532018,0.05932130804144417,0.9927595103599003,0.011809320156947412,0.014568113607465759,0.9995633302190999,0.04475319443397841,Random forest tuned (AoA x Mach),20.0,0.78
135,0.78__21.0,0.04598829501416849,0.07395290726467312,0.9889751879410715,0.008989449788577063,0.014223931519418196,0.9995921504414403,0.05972897574525492,Random forest tuned (AoA x Mach),21.0,0.78
136,0.78__22.0,0.03096208599099139,0.05975442248109841,0.9929915907158204,0.009424262408075123,0.013293343854798457,0.9996531451057953,0.04646107862629996,Random forest tuned (AoA x Mach),22.0,0.78
137,0.78__23.0,0.04866735746721005,0.07470543757431593,0.9893692616431855,0.008251313603805134,0.012091948374352427,0.9997214830886927,0.0626134891999635,Random forest tuned (AoA x Mach),23.0,0.78
138,0.78__24.0,0.0481117693390008,0.08195868604603881,0.9874557905360393,0.008546360831712963,0.01188174111404892,0.9997363586700241,0.07007694493198989,Random forest tuned (AoA x Mach),24.0,0.78
139,0.78__3.0,0.036693726933375796,0.057695493167388326,0.98922465153179,0.07498851847723614,0.09058729338197233,0.9734366948396582,-0.032891800214584,Neural network,3.0,0.78
140,0.78__4.0,0.0539348037551399,0.07448957483006631,0.9841836994761208,0.05448553495020616,0.06398376468087044,0.9883304664589415,0.010505810149195868,Random forest tuned (AoA x Mach),4.0,0.78
141,0.78__5.0,0.03456489042464445,0.04923350034302241,0.9937908163436759,0.050440044971296484,0.060836564026842385,0.9905192557049297,-0.011603063683819977,Neural network,5.0,0.78
142,0.78__6.0,0.04526598572817278,0.057600658559392115,0.9921818381708721,0.04548867253346228,0.060558112469509304,0.9913583948552838,-0.0029574539101171887,Neural network,6.0,0.78
143,0.78__7.0,0.04429196249380116,0.06266477961971931,0.9913695447664166,0.03997585508610716,0.06203827780790735,0.991541251016471,0.0006265018118119595,Random forest tuned (AoA x Mach),7.0,0.78
144,0.78__8.0,0.035139670028323126,0.05819826364815105,0.9929558534732946,0.039241171890901365,0.07625918195010861,0.9879053693470702,-0.018060918301957565,Neural network,8.0,0.78
145,0.78__9.0,0.04592609888494551,0.07085544078554977,0.9900666612701897,0.03490883146244929,0.08679621644117667,0.9850943669530006,-0.015940775655626904,Neural network,9.0,0.78
146,0.7__-1.0,0.03053640950369216,0.03654912369063575,0.9910585128805295,0.00620738530515745,0.009679317410812639,0.999372887754202,0.026869806279823112,Random forest tuned (AoA x Mach),-1.0,0.7
147,0.7__-2.0,0.04018579167204091,0.047841123196821926,0.9874651956109688,0.007547663497705077,0.012385134833154978,0.9991599283972685,0.03545598836366695,Random forest tuned (AoA x Mach),-2.0,0.7
148,0.7__-3.0,0.03580463029708495,0.04436310001116568,0.9926048205653322,0.010637299765412256,0.017412373630727413,0.9988607451168527,0.02695072638043827,Random forest tuned (AoA x Mach),-3.0,0.7
149,0.7__-4.0,0.06676226852266144,0.09094152458079463,0.980157886716188,0.033877084163767696,0.08306862268292174,0.9834446836864474,0.007872901897872889,Random forest tuned (AoA x Mach),-4.0,0.7
150,0.7__0.0,0.03631155526648299,0.042035894386271755,0.9886600607801473,0.007269617502055753,0.011697971340425961,0.9991218044169997,0.030337923045845795,Random forest tuned (AoA x Mach),0.0,0.7
151,0.7__1.0,0.059652806217161625,0.07070580429474098,0.975478535756928,0.00921263922204449,0.014536527063293656,0.9989635279667021,0.05616927723144732,Random forest tuned (AoA x Mach),1.0,0.7
152,0.7__10.0,0.052452617729001026,0.07915771319444424,0.988290293939257,0.01765014326576541,0.057087157171614035,0.9939097327860573,0.022070556022830208,Random forest tuned (AoA x Mach),10.0,0.7
153,0.7__11.0,0.03934793869596548,0.0703104448641661,0.9889486855437123,0.00963141141063388,0.027045744253103954,0.9983647953291185,0.04326470061106215,Random forest tuned (AoA x Mach),11.0,0.7
154,0.7__12.0,0.04355229953843721,0.06909512925655287,0.9884510807073524,0.007897349490471417,0.019582010147928135,0.9990723993981265,0.04951311910862473,Random forest tuned (AoA x Mach),12.0,0.7
155,0.7__13.0,0.03495853291566383,0.055187365701493615,0.9922463015108244,0.0051176900602914735,0.01091188747076482,0.9996968697077752,0.0442754782307288,Random forest tuned (AoA x Mach),13.0,0.7
156,0.7__14.0,0.03313364416315607,0.059325999095831736,0.9908564905712867,0.003687764682955745,0.00993875958306537,0.9997433819704612,0.049387239512766364,Random forest tuned (AoA x Mach),14.0,0.7
157,0.7__15.0,0.028381672236069064,0.050593416130100044,0.9933710957970756,0.0036109118392151245,0.006765173818752603,0.9998814745390865,0.04382824231134744,Random forest tuned (AoA x Mach),15.0,0.7
158,0.7__16.0,0.031244142699552686,0.05342849325350524,0.992678540754486,0.00355670057810954,0.005427048714207241,0.9999244596077557,0.048001444539298,Random forest tuned (AoA x Mach),16.0,0.7
159,0.7__17.0,0.02762885031143499,0.05528407051714195,0.9923628181251551,0.0033553477683097885,0.0052827258387281644,0.9999302652491724,0.05000134467841379,Random forest tuned (AoA x Mach),17.0,0.7
160,0.7__18.0,0.0288994711893637,0.052248965042572454,0.9933186264707593,0.002299729126781853,0.003800655967120482,0.9999646469012592,0.04844830907545197,Random forest tuned (AoA x Mach),18.0,0.7
161,0.7__19.0,0.02503831055267755,0.04628398382224376,0.9948762625577426,0.003059760928965127,0.0046606683262442545,0.9999480456643098,0.041623315495999506,Random forest tuned (AoA x Mach),19.0,0.7
162,0.7__2.0,0.03755646786279716,0.044641421620531134,0.9935292068902755,0.015290963416587264,0.02567972039549306,0.9978587761944883,0.018961701225038072,Random forest tuned (AoA x Mach),2.0,0.7
163,0.7__20.0,0.021953665075100243,0.04505267264784608,0.995301250118897,0.0025386530153256918,0.004221217288915058,0.9999587506960147,0.04083145535893102,Random forest tuned (AoA x Mach),20.0,0.7
164,0.7__21.0,0.03746791884980305,0.06732741442032152,0.9896700128841391,0.0018301941171274844,0.003792285236292153,0.9999672268717603,0.06353512918402936,Random forest tuned (AoA x Mach),21.0,0.7
165,0.7__22.0,0.0364968623972402,0.06569184191780908,0.9904560364913962,0.002537926955294184,0.003428779497277489,0.9999739993020867,0.06226306242053159,Random forest tuned (AoA x Mach),22.0,0.7
166,0.7__23.0,0.02842270924577785,0.05803296447305757,0.9927662346751366,0.004056172781169132,0.004706451156700029,0.9999524224564634,0.05332651331635754,Random forest tuned (AoA x Mach),23.0,0.7
167,0.7__24.0,0.04203486656747951,0.07015765419861765,0.9896050020768876,0.0062711095599123105,0.008266713004964083,0.9998556755174848,0.06189094119365357,Random forest tuned (AoA x Mach),24.0,0.7
168,0.7__3.0,0.03490679450701551,0.0548014769073248,0.9938427548081052,0.05357959798933981,0.10096592746518614,0.9790997442509655,-0.046164450557861336,Neural network,3.0,0.7
169,0.7__4.0,0.055427118135185534,0.08883054590289387,0.9882883563284995,0.05315862706093911,0.1148430851712201,0.9804249495382612,-0.026012539268326237,Neural network,4.0,0.7
170,0.7__5.0,0.054558243887297325,0.07742977150501444,0.9924173861843545,0.039635439850023095,0.07246582170702592,0.9933584503325562,0.004963949797988518,Random forest tuned (AoA x Mach),5.0,0.7
171,0.7__6.0,0.03325108100800263,0.05857866853294742,0.9957700434812881,0.012753583031473397,0.01869772089947784,0.9995690426853275,0.03988094763346958,Random forest tuned (AoA x Mach),6.0,0.7
172,0.7__7.0,0.04639385113575876,0.06266541736205179,0.9950340620589291,0.025232378933087118,0.05871645914258733,0.9956402144197608,0.003948958219464463,Random forest tuned (AoA x Mach),7.0,0.7
173,0.7__8.0,0.038043367599727256,0.05985507193549629,0.9951105966461707,0.023080883571882826,0.04751017703045923,0.9969194571847474,0.012344894905037054,Random forest tuned (AoA x Mach),8.0,0.7
174,0.7__9.0,0.053718018171224576,0.08840844941473648,0.9880777063399873,0.028970530762225482,0.07100318042743678,0.9923099728623174,0.017405268987299702,Random forest tuned (AoA x Mach),9.0,0.7
