MAE,RMSE,R2,fold,AoA,Mach,model
0.023945019774709475,0.030574137255177252,0.9936988889895948,1,0.0,0.68,Neural network
0.024330737687605533,0.03246871999908519,0.9932344903225974,2,0.0,0.7,Neural network
0.01996247269728203,0.024934542440672836,0.9962312472818228,3,0.0,0.72,Neural network
0.02426388153526837,0.029993202254567006,0.9949152157921374,4,0.0,0.74,Neural network
0.015545330294014706,0.025079181626289648,0.9967586276069517,5,0.0,0.76,Neural network
0.0508133591348055,0.07149757110820099,0.976170048585766,6,0.0,0.78,Neural network
0.03584899480193925,0.04536479866480906,0.9893929760235868,7,1.0,0.68,Neural network
0.02053441430981545,0.026746762694255573,0.9964910377992858,8,1.0,0.7,Neural network
0.019893019967185767,0.025733584396332738,0.9969384759519598,9,1.0,0.72,Neural network
0.025380782887729148,0.03955065962139178,0.9933014318766668,10,1.0,0.74,Neural network
0.017901643497727934,0.02651015043049499,0.9971624108722597,11,1.0,0.76,Neural network
0.04280032867171326,0.07462538596516001,0.9773409162529381,12,1.0,0.78,Neural network
0.03544275194656304,0.06648190342529653,0.9919054755715518,13,10.0,0.68,Neural network
0.041415825882378604,0.07799657026747392,0.9886313076365185,14,10.0,0.7,Neural network
0.026442438763535258,0.04859666277899738,0.9955140856289703,15,10.0,0.72,Neural network
0.017777274598379397,0.02805492781055324,0.9984932354107436,16,10.0,0.74,Neural network
0.02456351178089541,0.03479540134191372,0.9976560457908674,17,10.0,0.76,Neural network
0.026381816082006515,0.04832443180945502,0.9954457434613091,18,10.0,0.78,Neural network
0.016637656646929764,0.03081395733641568,0.9979008865301193,19,11.0,0.68,Neural network
0.015604294293377495,0.029296034043011766,0.9980813670749148,20,11.0,0.7,Neural network
0.03075190300835996,0.062035998440555115,0.9914345213873276,21,11.0,0.72,Neural network
0.013653934665785197,0.02492767597725064,0.9986466003990907,22,11.0,0.74,Neural network
0.03753312964856929,0.06377034846769467,0.9915568516192922,23,11.0,0.76,Neural network
0.019053908848526438,0.03463339073021852,0.9976291245541907,24,11.0,0.78,Neural network
0.02525906390984614,0.05012903036737995,0.9939117045408397,25,12.0,0.68,Neural network
0.025840182612701313,0.04250206181102649,0.9956301506909003,26,12.0,0.7,Neural network
0.014706421025970286,0.029981897202164525,0.9978389629075342,27,12.0,0.72,Neural network
0.016212531542322453,0.03144609294561462,0.9976531614845576,28,12.0,0.74,Neural network
0.018049252110514124,0.03396979565576046,0.9973621765304533,29,12.0,0.76,Neural network
0.0347339032125031,0.06356090634070302,0.9914147721832989,30,12.0,0.78,Neural network
0.014520885110969004,0.02862490313539042,0.9979135039330149,31,13.0,0.68,Neural network
0.012693053071802624,0.024210778778084117,0.9985077310376199,32,13.0,0.7,Neural network
0.02713690218861975,0.04487943642148257,0.9949442871964362,33,13.0,0.72,Neural network
0.024165743254040726,0.04335299838689233,0.9953934775641886,34,13.0,0.74,Neural network
0.02103794670420812,0.038958607452211365,0.9963990885773278,35,13.0,0.76,Neural network
0.02417780164299796,0.046575719827110326,0.9950645047344747,36,13.0,0.78,Neural network
0.021581119840373687,0.041794688920683463,0.995437856618718,37,14.0,0.68,Neural network
0.016303593123292798,0.026047534058122095,0.9982373908174893,38,14.0,0.7,Neural network
0.018652595725748244,0.033915314597680025,0.9970519210839617,39,14.0,0.72,Neural network
0.011966209890960306,0.024280879644493714,0.998530421727612,40,14.0,0.74,Neural network
0.015486775840610095,0.027621678319652374,0.9981665494660018,41,14.0,0.76,Neural network
0.024002286164593056,0.042196394558212606,0.9959161549134107,42,14.0,0.78,Neural network
0.0159347825806183,0.026652983187833386,0.9981458852907729,43,15.0,0.68,Neural network
0.0159607955185543,0.035641131927946226,0.9967102967481797,44,15.0,0.7,Neural network
0.020475712380884102,0.039885309302425474,0.9959411033202882,45,15.0,0.72,Neural network
0.018052392132405583,0.030688956946329216,0.9976500692283359,46,15.0,0.74,Neural network
0.01714782099680925,0.029281605022061646,0.9979329060069989,47,15.0,0.76,Neural network
0.01657701150379905,0.030705578974031603,0.9978304590696276,48,15.0,0.78,Neural network
0.020232589703907473,0.037947975891844815,0.9962674659897894,49,16.0,0.68,Neural network
0.016548566657531003,0.036072227517911414,0.9966626812642426,50,16.0,0.7,Neural network
0.02137376084448282,0.04301564946908108,0.9953315820738001,51,16.0,0.72,Neural network
0.011488673335213388,0.02184551026679259,0.9988229076930122,52,16.0,0.74,Neural network
0.028875605226421606,0.053302961668438766,0.9932165241990195,53,16.0,0.76,Neural network
0.019882833568290962,0.034626831895207766,0.9972455404765321,54,16.0,0.78,Neural network
0.027599610975128672,0.050605588629463995,0.9935081721299607,55,17.0,0.68,Neural network
0.01595603702956228,0.02744119123636864,0.9981183490693933,56,17.0,0.7,Neural network
0.014849982228806657,0.024635862698786988,0.9985132084103374,57,17.0,0.72,Neural network
0.020827033768082027,0.039105317739352226,0.9963508159969543,58,17.0,0.74,Neural network
0.02100516178412209,0.03734458833191431,0.9967715778892106,59,17.0,0.76,Neural network
0.026819798218140938,0.04356336403831867,0.9957659206087437,60,17.0,0.78,Neural network
0.02098037005958492,0.034952390561821596,0.9969614575549124,61,18.0,0.68,Neural network
0.01855001532852875,0.033355476236359885,0.9972770188045459,62,18.0,0.7,Neural network
0.024459021185429985,0.041425412425266865,0.9958841301770767,63,18.0,0.72,Neural network
0.014414792833537452,0.030325873217322677,0.9978481070820419,64,18.0,0.74,Neural network
0.01786720190001349,0.035308680114645226,0.9971700156259681,65,18.0,0.76,Neural network
0.02013817496377624,0.03851342899983108,0.9967629577121929,66,18.0,0.78,Neural network
0.019097569893694603,0.03667615046864945,0.9967239972293768,67,19.0,0.68,Neural network
0.02200335235427144,0.03770760002087718,0.9965991834910228,68,19.0,0.7,Neural network
0.02096386697202615,0.0430877583322626,0.9956552881873919,69,19.0,0.72,Neural network
0.025474775287706877,0.043820192339140494,0.9956234938584172,70,19.0,0.74,Neural network
0.036981895925792076,0.06984735809348472,0.9892366223244232,71,19.0,0.76,Neural network
0.024535754501031074,0.04537219064183423,0.9956243361791681,72,19.0,0.78,Neural network
0.022797454881958695,0.031308802831514694,0.9966639949377962,73,2.0,0.68,Neural network
0.02281746946120089,0.03179700531553197,0.9967171283498121,74,2.0,0.7,Neural network
0.036723425565937766,0.05145444628691666,0.9918901609601866,75,2.0,0.72,Neural network
0.05557279121793433,0.0827732337988734,0.979633633357883,76,2.0,0.74,Neural network
0.0226850344464866,0.029508136862842867,0.9972726824860308,77,2.0,0.76,Neural network
0.03301132101863095,0.043070050554411494,0.993302042988293,78,2.0,0.78,Neural network
0.03555617655244732,0.055827055235882724,0.9926453966575122,79,20.0,0.68,Neural network
0.029154006137916428,0.05288677947209004,0.9935250645218711,80,20.0,0.7,Neural network
0.028544139068994123,0.044993678712187624,0.9954179862550427,81,20.0,0.72,Neural network
0.03159394624513592,0.05098690425310349,0.9942705559003976,82,20.0,0.74,Neural network
0.028757441084869096,0.05204182515393413,0.9942144579646158,83,20.0,0.76,Neural network
0.033442765891655596,0.055522150114504044,0.993657228945242,84,20.0,0.78,Neural network
0.04993697013976875,0.07911834099682213,0.9868015387139952,85,3.0,0.68,Neural network
0.05887916041477756,0.0961881310531477,0.9810309820926422,86,3.0,0.7,Neural network
0.07064796021748476,0.09399375419768431,0.9819059737928361,87,3.0,0.72,Neural network
0.03588346347773505,0.04756674790504788,0.9949744107959282,88,3.0,0.74,Neural network
0.04654189457030213,0.06248946984424554,0.9895779973071702,89,3.0,0.76,Neural network
0.04787101893282684,0.0705247526883887,0.9838998214088295,90,3.0,0.78,Neural network
0.04861344855389583,0.08244090428773519,0.9901627650714329,91,4.0,0.68,Neural network
0.04064190663984139,0.07140204356972436,0.992433161490216,92,4.0,0.7,Neural network
0.0569510433353126,0.08183231427383855,0.9890926518183065,93,4.0,0.72,Neural network
0.023244899514262677,0.03364812342071712,0.9977844244554496,94,4.0,0.74,Neural network
0.020896969852465367,0.03093518522903971,0.9977079090966399,95,4.0,0.76,Neural network
0.03721234870366125,0.053701532774211,0.9917797076425902,96,4.0,0.78,Neural network
0.0610103897556199,0.0964646863167543,0.9893857447431984,97,5.0,0.68,Neural network
0.028248187867063023,0.04066582064863912,0.9979084797342118,98,5.0,0.7,Neural network
0.022244246059454256,0.0313685885462048,0.9985070005361172,99,5.0,0.72,Neural network
0.03645136118254536,0.051578841784411966,0.9950723669087439,100,5.0,0.74,Neural network
0.028162969736039743,0.042361926272751385,0.9960365635320764,101,5.0,0.76,Neural network
0.022660002921624577,0.029665821797532993,0.9977456265989164,102,5.0,0.78,Neural network
0.04892101598229082,0.07373920211387783,0.9944206538043785,103,6.0,0.68,Neural network
0.020142717572459414,0.031203344329310146,0.9987997845328408,104,6.0,0.7,Neural network
0.017517206894443253,0.03044016284006351,0.9986059723815046,105,6.0,0.72,Neural network
0.01682833684804635,0.02260721017635139,0.9990844653374377,106,6.0,0.74,Neural network
0.015071247924031634,0.021613385921679076,0.9990282172950129,107,6.0,0.76,Neural network
0.029145222582296654,0.04221368830705104,0.995800898309027,108,6.0,0.78,Neural network
0.037914020745848154,0.05595709812842743,0.9967127684055987,109,7.0,0.68,Neural network
0.026005365622886967,0.04352588973760066,0.9976042542768921,110,7.0,0.7,Neural network
0.0221491132750726,0.03955156168729129,0.9976301583008411,111,7.0,0.72,Neural network
0.01685969464552825,0.022810077839982703,0.9990853970487409,112,7.0,0.74,Neural network
0.01971566752818758,0.02819855996887753,0.9984163103981665,113,7.0,0.76,Neural network
0.02636807584674217,0.03997648490437071,0.996487665479713,114,7.0,0.78,Neural network
0.041548745820534146,0.06539005972639808,0.9949558564035603,115,8.0,0.68,Neural network
0.025849983491117393,0.04376936210467512,0.9973854654136323,116,8.0,0.7,Neural network
0.01757884382610626,0.027661666899588377,0.9988117238315365,117,8.0,0.72,Neural network
0.021017380713864636,0.03019713394261877,0.9984119783411471,118,8.0,0.74,Neural network
0.015317404291198706,0.023471147131452222,0.9989432815103877,119,8.0,0.76,Neural network
0.04019688133050242,0.06632684312318987,0.9908507185796191,120,8.0,0.78,Neural network
0.03582034858594989,0.0652217573844484,0.9940655978572802,121,9.0,0.68,Neural network
0.033775996015481306,0.06335848551836365,0.9938767524011696,122,9.0,0.7,Neural network
0.025280053680325435,0.03687521112630559,0.9977406633933538,123,9.0,0.72,Neural network
0.014984619751051448,0.02488062430151462,0.9988936890515557,124,9.0,0.74,Neural network
0.030072097699093178,0.04801470877897656,0.9956289375766112,125,9.0,0.76,Neural network
0.02089977877709499,0.034050738464183786,0.9977059552904137,126,9.0,0.78,Neural network
