"PointID","x","y","Density","Momentum_x","Momentum_y","Energy","Nu_Tilde","Pressure","Temperature","Mach","Pressure_Coefficient","Laminar_Viscosity","Skin_Friction_Coefficient_x","Skin_Friction_Coefficient_y","Heat_Flux","Y_Plus","Eddy_Viscosity"
25, 9.853970408439640e-001, 9.428599150851370e-004, 4.677474148924184e-001, 0.000000000000000e+000, 0.000000000000000e+000, 1.064118022575206e+005, 0.000000000000000e+000, 4.256472090300822e+004, 3.170069176668741e+002, 0.000000000000000e+000, 2.624080729737459e-001, 1.925302724564292e-005, 2.042016372958816e-003, -8.852195049908419e-005, -1.751022077863986e+002, 2.161991121090290e+000, 0.000000000000000e+000
51, 9.695732593536380e-001, 1.489007263444360e-003, 4.704055885829696e-001, 0.000000000000000e+000, 0.000000000000000e+000, 1.070340996991393e+005, 0.000000000000000e+000, 4.281363987965571e+004, 3.170589553537678e+002, 0.000000000000000e+000, 2.796627317286871e-001, 1.925542371990026e-005, 1.661427725770639e-003, -3.739568631075993e-005, -7.559980008808432e+001, 1.954829849732564e+000, 0.000000000000000e+000
77, 9.526804089546200e-001, 1.679251203313470e-003, 4.724344800091221e-001, 0.000000000000000e+000, 0.000000000000000e+000, 1.075152030561525e+005, 0.000000000000000e+000, 4.300608122246099e+004, 3.171163467000970e+002, 0.000000000000000e+000, 2.930024527301521e-001, 1.925806651898034e-005, 1.457940374394498e-003, -9.411265907508237e-007, -4.390397331112194e+001, 1.834731982077757e+000, 0.000000000000000e+000
103, 9.349957108497620e-001, 1.511327689513560e-003, 4.728258076331862e-001, 0.000000000000000e+000, 0.000000000000000e+000, 1.076154191619928e+005, 0.000000000000000e+000, 4.304616766479711e+004, 3.171492328227455e+002, 0.000000000000000e+000, 2.957811797381331e-001, 1.925958077686383e-005, 1.345492525863682e-003, 2.838548206362141e-005, -3.199295172101990e+001, 1.763322789577025e+000, 0.000000000000000e+000
129, 9.168222546577450e-001, 9.227616828866300e-004, 4.722994519292378e-001, 0.000000000000000e+000, 0.000000000000000e+000, 1.074990885333884e+005, 0.000000000000000e+000, 4.299963541335534e+004, 3.171594652851903e+002, 0.000000000000000e+000, 2.925556397229019e-001, 1.926005191985426e-005, 1.284102016102779e-003, 5.265905374098739e-005, -2.765035447054409e+001, 1.722189921154970e+000, 0.000000000000000e+000
155, 8.983380794525150e-001, 8.054462341533510e-006, 4.712294962440949e-001, 0.000000000000000e+000, 0.000000000000000e+000, 1.072534633676867e+005, 0.000000000000000e+000, 4.290138534707468e+004, 3.171532708849842e+002, 0.000000000000000e+000, 2.857451048687275e-001, 1.925976670609783e-005, 1.252988762013163e-003, 7.201921235574032e-005, -2.642258573500798e+001, 1.699857720685531e+000, 0.000000000000000e+000
181, 8.797067403793331e-001, -1.210561604239050e-003, 4.695091663792300e-001, 0.000000000000000e+000, 0.000000000000000e+000, 1.068551683994953e+005, 0.000000000000000e+000, 4.274206735979812e+004, 3.171332616190624e+002, 0.000000000000000e+000, 2.747014410187272e-001, 1.925884538453815e-005, 1.245000244033848e-003, 8.987633961494481e-005, -2.661569397553646e+001, 1.691600968675324e+000, 0.000000000000000e+000
207, 8.610174655914310e-001, -2.686113817617300e-003, 4.676012792177155e-001, 0.000000000000000e+000, 0.000000000000000e+000, 1.064117497746683e+005, 0.000000000000000e+000, 4.256469990986730e+004, 3.171058328961543e+002, 0.000000000000000e+000, 2.624066177633492e-001, 1.925758238926768e-005, 1.250038293658582e-003, 1.049653618657703e-004, -2.782241809576736e+001, 1.692062303598373e+000, 0.000000000000000e+000
233, 8.422674536705020e-001, -4.354327917099000e-003, 4.654496250543909e-001, 0.000000000000000e+000, 0.000000000000000e+000, 1.059107703121913e+005, 0.000000000000000e+000, 4.236430812487652e+004, 3.170719171885569e+002, 0.000000000000000e+000, 2.485157850358551e-001, 1.925602061671013e-005, 1.262470565274888e-003, 1.190728962665715e-004, -2.920981368161549e+001, 1.697198249398557e+000, 0.000000000000000e+000
259, 8.235722184181210e-001, -6.217850837856530e-003, 4.628225292684019e-001, 0.000000000000000e+000, 0.000000000000000e+000, 1.052990643024847e+005, 0.000000000000000e+000, 4.211962572099386e+004, 3.170299975038753e+002, 0.000000000000000e+000, 2.315547986169171e-001, 1.925409015768410e-005, 1.285087103617919e-003, 1.338551267644741e-004, -3.107584767260969e+001, 1.708324052476683e+000, 0.000000000000000e+000
285, 8.049457669258120e-001, -8.241767995059490e-003, 4.603028607101110e-001, 0.000000000000000e+000, 0.000000000000000e+000, 1.047108413667785e+005, 0.000000000000000e+000, 4.188433654671138e+004, 3.169847083107812e+002, 0.000000000000000e+000, 2.152449356018309e-001, 1.925200438635527e-005, 1.312408381454456e-003, 1.462141767115007e-004, -3.340462617856977e+001, 1.721776077035003e+000, 0.000000000000000e+000
311, 7.863141298294070e-001, -1.036873925477270e-002, 4.575292610463230e-001, 0.000000000000000e+000, 0.000000000000000e+000, 1.040632999471714e+005, 0.000000000000000e+000, 4.162531997886854e+004, 3.169341635164135e+002, 0.000000000000000e+000, 1.972903282424517e-001, 1.924967639696009e-005, 1.340670633487293e-003, 1.591616818174387e-004, -3.535382218026804e+001, 1.736240195880798e+000, 0.000000000000000e+000
337, 7.678796052932740e-001, -1.264218706637620e-002, 4.543042710396241e-001, 0.000000000000000e+000, 0.000000000000000e+000, 1.033105652657304e+005, 0.000000000000000e+000, 4.132422610629215e+004, 3.168752028382833e+002, 0.000000000000000e+000, 1.764189905305558e-001, 1.924696055733275e-005, 1.379242202260302e-003, 1.740022894651995e-004, -3.803061115899886e+001, 1.755091936416884e+000, 0.000000000000000e+000
363, 7.495508193969730e-001, -1.500672101974490e-002, 4.508999549994103e-001, 0.000000000000000e+000, 0.000000000000000e+000, 1.025155910357264e+005, 0.000000000000000e+000, 4.100623641429056e+004, 3.168108630260295e+002, 0.000000000000000e+000, 1.543764620862651e-001, 1.924399665966211e-005, 1.427264069264514e-003, 1.878325724780410e-004, -4.221100702091989e+001, 1.779140885612032e+000, 0.000000000000000e+000
389, 7.313483357429500e-001, -1.744982041418550e-002, 4.472731386640764e-001, 0.000000000000000e+000, 0.000000000000000e+000, 1.016688391831471e+005, 0.000000000000000e+000, 4.066753567325885e+004, 3.167418030009320e+002, 0.000000000000000e+000, 1.308982773963764e-001, 1.924081498814048e-005, 1.482194230787723e-003, 2.012112056852841e-004, -4.735244547344471e+001, 1.806452663183730e+000, 0.000000000000000e+000
415, 7.132214307785030e-001, -1.993851736187930e-002, 4.435697410236961e-001, 0.000000000000000e+000, 0.000000000000000e+000, 1.008040917121054e+005, 0.000000000000000e+000, 4.032163668484217e+004, 3.166697543638238e+002, 0.000000000000000e+000, 1.069211219010714e-001, 1.923749526251637e-005, 1.541068317615731e-003, 2.138349743389021e-004, -5.323489883688973e+001, 1.833815516032591e+000, 0.000000000000000e+000
441, 6.951977014541630e-001, -2.246599644422530e-002, 4.395074203964861e-001, 0.000000000000000e+000, 0.000000000000000e+000, 9.985616384712110e+004, 0.000000000000000e+000, 3.994246553884843e+004, 3.165913192721370e+002, 0.000000000000000e+000, 8.063759453824211e-002, 1.923388084909515e-005, 1.605439925403872e-003, 2.274237402564094e-004, -5.991549358680084e+001, 1.863975068742888e+000, 0.000000000000000e+000
467, 6.773055195808410e-001, -2.502630092203620e-002, 4.354438104645717e-001, 0.000000000000000e+000, 0.000000000000000e+000, 9.890789895527309e+004, 0.000000000000000e+000, 3.956315958210923e+004, 3.165112793709234e+002, 0.000000000000000e+000, 5.434472231371968e-002, 1.923019202729145e-005, 1.672603689281986e-003, 2.397444585397038e-004, -6.790483386116867e+001, 1.893397226654410e+000, 0.000000000000000e+000
493, 6.594728827476500e-001, -2.758665196597580e-002, 4.311353832447233e-001, 0.000000000000000e+000, 0.000000000000000e+000, 9.790282770429330e+004, 0.000000000000000e+000, 3.916113108171731e+004, 3.164258135797020e+002, 0.000000000000000e+000, 2.647676030676192e-002, 1.922625263203135e-005, 1.742694216076405e-003, 2.521484510326152e-004, -7.703125067019764e+001, 1.922701641467246e+000, 0.000000000000000e+000
519, 6.418011188507080e-001, -3.016339242458340e-002, 4.254730803011342e-001, 0.000000000000000e+000, 0.000000000000000e+000, 9.658434411089400e+004, 0.000000000000000e+000, 3.863373764435759e+004, 3.163187852060802e+002, 0.000000000000000e+000, -1.008129530554426e-002, 1.922131860598394e-005, 1.841303920315211e-003, 2.703450256217516e-004, -9.060752461446478e+001, 1.964641922413415e+000, 0.000000000000000e+000
545, 6.243042349815370e-001, -3.275020420551300e-002, 4.203511508106109e-001, 0.000000000000000e+000, 0.000000000000000e+000, 9.538948751489923e+004, 0.000000000000000e+000, 3.815579500595968e+004, 3.162121924888170e+002, 0.000000000000000e+000, -4.321150193366616e-002, 1.921640384392668e-005, 1.951395844222109e-003, 2.794332339361216e-004, -1.087283298381618e+002, 2.009455455909334e+000, 0.000000000000000e+000
571, 6.065399646759030e-001, -3.521266952157020e-002, 4.164035600902785e-001, 0.000000000000000e+000, 0.000000000000000e+000, 9.446124202109396e+004, 0.000000000000000e+000, 3.778449680843758e+004, 3.161036818179593e+002, 0.000000000000000e+000, -6.894928930871780e-002, 1.921139980840083e-005, 2.043990125534971e-003, 2.809158303632988e-004, -1.206157826015755e+002, 2.045809185447898e+000, 0.000000000000000e+000
597, 5.888153314590450e-001, -3.762762248516080e-002, 4.113602580939083e-001, 0.000000000000000e+000, 0.000000000000000e+000, 9.328035189120754e+004, 0.000000000000000e+000, 3.731214075648301e+004, 3.159789711048031e+002, 0.000000000000000e+000, -1.016922428475694e-001, 1.920564764998420e-005, 2.128341820714827e-003, 2.916500688544730e-004, -1.280335750912933e+002, 2.074793954216765e+000, 0.000000000000000e+000
623, 5.713157057762150e-001, -4.003950580954550e-002, 4.055928518296197e-001, 0.000000000000000e+000, 0.000000000000000e+000, 9.193103329076659e+004, 0.000000000000000e+000, 3.677241331630663e+004, 3.158364036354138e+002, 0.000000000000000e+000, -1.391052714818211e-001, 1.919907049253137e-005, 2.236624496735202e-003, 3.034089086932523e-004, -1.418123576292114e+002, 2.112484542231897e+000, 0.000000000000000e+000
649, 5.538190603256230e-001, -4.237503558397290e-002, 3.995988834476452e-001, 0.000000000000000e+000, 0.000000000000000e+000, 9.052937399734564e+004, 0.000000000000000e+000, 3.621174959893825e+004, 3.156861930347589e+002, 0.000000000000000e+000, -1.779695688116627e-001, 1.919213914315199e-005, 2.363656029916284e-003, 3.099630167856099e-004, -1.621737119310048e+002, 2.154887024497071e+000, 0.000000000000000e+000
675, 5.363336801528930e-001, -4.462694749236110e-002, 3.932412750340504e-001, 0.000000000000000e+000, 0.000000000000000e+000, 8.904335445885725e+004, 0.000000000000000e+000, 3.561734178354289e+004, 3.155242575739674e+002, 0.000000000000000e+000, -2.191729521537107e-001, 1.918466493494066e-005, 2.503883512974107e-003, 3.142946961769293e-004, -1.862767209811025e+002, 2.199503038446919e+000, 0.000000000000000e+000
701, 5.188096761703490e-001, -4.676951467990880e-002, 3.867681813648484e-001, 0.000000000000000e+000, 0.000000000000000e+000, 8.753081411165377e+004, 0.000000000000000e+000, 3.501232564466151e+004, 3.153556135018655e+002, 0.000000000000000e+000, -2.611116872322100e-001, 1.917687907411588e-005, 2.650111468808478e-003, 3.138952866231559e-004, -2.139808574620573e+002, 2.244119083047805e+000, 0.000000000000000e+000
727, 5.012295246124270e-001, -4.878489673137660e-002, 3.801608314741085e-001, 0.000000000000000e+000, 0.000000000000000e+000, 8.598753236070115e+004, 0.000000000000000e+000, 3.439501294428045e+004, 3.151798566735339e+002, 0.000000000000000e+000, -3.039027999614355e-001, 1.916876264817387e-005, 2.804022094734794e-003, 3.091936104841395e-004, -2.453185976962799e+002, 2.287248452936607e+000, 0.000000000000000e+000
753, 4.835794866085050e-001, -5.065427348017690e-002, 3.732965471954813e-001, 0.000000000000000e+000, 0.000000000000000e+000, 8.438501943694882e+004, 0.000000000000000e+000, 3.375400777477952e+004, 3.149935916694819e+002, 0.000000000000000e+000, -3.483362361295213e-001, 1.916015851750929e-005, 2.970039275912610e-003, 3.005490903834206e-004, -2.822403728481883e+002, 2.332201737538706e+000, 0.000000000000000e+000
779, 4.658685922622680e-001, -5.236319825053220e-002, 3.662632278304489e-001, 0.000000000000000e+000, 0.000000000000000e+000, 8.274515533913684e+004, 0.000000000000000e+000, 3.309806213565473e+004, 3.148035301186428e+002, 0.000000000000000e+000, -3.938053213608905e-001, 1.915137642463629e-005, 3.150397039746130e-003, 2.862280990249204e-004, -3.277493789383213e+002, 2.378356865186951e+000, 0.000000000000000e+000
805, 4.480717480182650e-001, -5.388031527400020e-002, 3.594695609483936e-001, 0.000000000000000e+000, 0.000000000000000e+000, 8.116265490015353e+004, 0.000000000000000e+000, 3.246506196006140e+004, 3.146186477836447e+002, 0.000000000000000e+000, -4.376838643662638e-001, 1.914283113504585e-005, 3.336042815458705e-003, 2.626594323069702e-004, -3.812379102797291e+002, 2.424742636354656e+000, 0.000000000000000e+000
831, 4.301885962486270e-001, -5.517242103815080e-002, 3.529352450232350e-001, 0.000000000000000e+000, 0.000000000000000e+000, 7.964507993104764e+004, 0.000000000000000e+000, 3.185803197241905e+004, 3.144519257790068e+002, 0.000000000000000e+000, -4.797621961666466e-001, 1.913512309418953e-005, 3.519750082992573e-003, 2.310265523743094e-004, -4.423025122429906e+002, 2.467009516571324e+000, 0.000000000000000e+000
857, 4.122794568538670e-001, -5.622962117195130e-002, 3.469269834138597e-001, 0.000000000000000e+000, 0.000000000000000e+000, 7.825494555633291e+004, 0.000000000000000e+000, 3.130197822253316e+004, 3.143142350971651e+002, 0.000000000000000e+000, -5.183069380457426e-001, 1.912875573539567e-005, 3.691381005174676e-003, 1.919157038134631e-004, -5.097107710630179e+002, 2.504422087728027e+000, 0.000000000000000e+000
883, 3.944020271301270e-001, -5.703297257423400e-002, 3.426826799462064e-001, 0.000000000000000e+000, 0.000000000000000e+000, 7.726725057872589e+004, 0.000000000000000e+000, 3.090690023149034e+004, 3.141909279293639e+002, 0.000000000000000e+000, -5.456931020451442e-001, 1.912305235912932e-005, 3.863512038074339e-003, 1.422958723642980e-004, -5.783480497458837e+002, 2.545677706637115e+000, 0.000000000000000e+000
909, 3.766198158264160e-001, -5.754299089312550e-002, 3.407109961709255e-001, 0.000000000000000e+000, 0.000000000000000e+000, 7.679750812006507e+004, 0.000000000000000e+000, 3.071900324802602e+004, 3.140879788405403e+002, 0.000000000000000e+000, -5.587178154455654e-001, 1.911828976774574e-005, 4.017701397057783e-003, 8.576763140710100e-005, -6.348241113110440e+002, 2.588203736699193e+000, 0.000000000000000e+000
935, 3.590588271617890e-001, -5.778745934367180e-002, 3.409379895311282e-001, 0.000000000000000e+000, 0.000000000000000e+000, 7.683098764116604e+004, 0.000000000000000e+000, 3.073239505646641e+004, 3.140156960180404e+002, 0.000000000000000e+000, -5.577895170576218e-001, 1.911494538746453e-005, 4.139667581578224e-003, 2.655302537073246e-005, -6.720416415454345e+002, 2.628572210168250e+000, 0.000000000000000e+000
961, 3.418258726596830e-001, -5.776616930961610e-002, 3.426271536681204e-001, 0.000000000000000e+000, 0.000000000000000e+000, 7.720536573401641e+004, 0.000000000000000e+000, 3.088214629360656e+004, 3.139901634127442e+002, 0.000000000000000e+000, -5.474090047729244e-001, 1.911376395463807e-005, 4.216191509098846e-003, -2.969271050566730e-005, -6.897306709301332e+002, 2.659489591396155e+000, 0.000000000000000e+000
987, 3.249974250793460e-001, -5.754758045077320e-002, 3.452611135424314e-001, 0.000000000000000e+000, 0.000000000000000e+000, 7.780328346109450e+004, 0.000000000000000e+000, 3.112131338443780e+004, 3.140079150348126e+002, 0.000000000000000e+000, -5.308303308876102e-001, 1.911458535444871e-005, 4.252571617919506e-003, -8.117686023233882e-005, -6.937311254718833e+002, 2.680816671071484e+000, 0.000000000000000e+000
1013, 3.086399734020230e-001, -5.713268741965290e-002, 3.487758509159640e-001, 0.000000000000000e+000, 0.000000000000000e+000, 7.860552497614933e+004, 0.000000000000000e+000, 3.144220999045972e+004, 3.140487016128330e+002, 0.000000000000000e+000, -5.085862998896509e-001, 1.911647253679513e-005, 4.266558087823413e-003, -1.302614958501320e-004, -6.890611394337493e+002, 2.698764487218885e+000, 0.000000000000000e+000
1039, 2.927811741828920e-001, -5.656399205327030e-002, 3.522691323608197e-001, 0.000000000000000e+000, 0.000000000000000e+000, 7.941079107351523e+004, 0.000000000000000e+000, 3.176431642940608e+004, 3.141197689235563e+002, 0.000000000000000e+000, -4.862584052403836e-001, 1.911976051055164e-005, 4.245831735537502e-003, -1.704897412605561e-004, -6.761991974661996e+002, 2.705747823121979e+000, 0.000000000000000e+000
1065, 2.774220108985900e-001, -5.587914213538170e-002, 3.553199608510608e-001, 0.000000000000000e+000, 0.000000000000000e+000, 8.011471562237515e+004, 0.000000000000000e+000, 3.204588624895006e+004, 3.141832490142683e+002, 0.000000000000000e+000, -4.667404431414077e-001, 1.912269714665710e-005, 4.235566891258412e-003, -2.052595153704988e-004, -6.693614556805644e+002, 2.714289359648526e+000, 0.000000000000000e+000
1091, 2.625653147697450e-001, -5.509970337152480e-002, 3.581612293461216e-001, 0.000000000000000e+000, 0.000000000000000e+000, 8.077207025215027e+004, 0.000000000000000e+000, 3.230882810086010e+004, 3.142483303752555e+002, 0.000000000000000e+000, -4.485137414724341e-001, 1.912570755496242e-005, 4.230525884320801e-003, -2.390983080817785e-004, -6.687261655033212e+002, 2.723874990056223e+000, 0.000000000000000e+000
1117, 2.482267022132870e-001, -5.422909930348400e-002, 3.613368835872597e-001, 0.000000000000000e+000, 0.000000000000000e+000, 8.150614031808372e+004, 0.000000000000000e+000, 3.260245612723348e+004, 3.143173612730781e+002, 0.000000000000000e+000, -4.281599240809447e-001, 1.912890031732950e-005, 4.219056157357502e-003, -2.737043875186107e-004, -6.659378032807949e+002, 2.731710856403769e+000, 0.000000000000000e+000
1143, 2.344165146350860e-001, -5.327359586954120e-002, 3.645238297894862e-001, 0.000000000000000e+000, 0.000000000000000e+000, 8.224500710037006e+004, 0.000000000000000e+000, 3.289800284014802e+004, 3.143937867293282e+002, 0.000000000000000e+000, -4.076731064579291e-001, 1.913243468359197e-005, 4.188003640104526e-003, -3.033838528381602e-004, -6.568890597056405e+002, 2.734374027825667e+000, 0.000000000000000e+000
1169, 2.210974693298340e-001, -5.226382613182070e-002, 3.670127027097307e-001, 0.000000000000000e+000, 0.000000000000000e+000, 8.281886045636758e+004, 0.000000000000000e+000, 3.312754418254702e+004, 3.144405094650591e+002, 0.000000000000000e+000, -3.917616738038621e-001, 1.913459521121223e-005, 4.183581906128342e-003, -3.287031845093100e-004, -6.535353640140187e+002, 2.741816036300589e+000, 0.000000000000000e+000
1195, 2.082438766956330e-001, -5.121721699833870e-002, 3.692285532482542e-001, 0.000000000000000e+000, 0.000000000000000e+000, 8.333015568526140e+004, 0.000000000000000e+000, 3.333206227410455e+004, 3.144830561111194e+002, 0.000000000000000e+000, -3.775848122139381e-001, 1.913656249259068e-005, 4.188609466268649e-003, -3.562362644884943e-004, -6.567251572274740e+002, 2.751805196846967e+000, 0.000000000000000e+000
1221, 1.958884000778200e-001, -5.011982470750810e-002, 3.717916391965415e-001, 0.000000000000000e+000, 0.000000000000000e+000, 8.392072389900962e+004, 0.000000000000000e+000, 3.356828955960384e+004, 3.145284529887672e+002, 0.000000000000000e+000, -3.612099208545357e-001, 1.913866141884882e-005, 4.184817563059007e-003, -3.866788966575188e-004, -6.567343741822398e+002, 2.760435085546312e+000, 0.000000000000000e+000
1247, 1.840233504772190e-001, -4.897923022508620e-002, 3.740794745854841e-001, 0.000000000000000e+000, 0.000000000000000e+000, 8.444815757703921e+004, 0.000000000000000e+000, 3.377926303081567e+004, 3.145695173926646e+002, 0.000000000000000e+000, -3.465855828424898e-001, 1.914055990430445e-005, 4.179114321479145e-003, -4.129236029156822e-004, -6.547877224012572e+002, 2.767472724954430e+000, 0.000000000000000e+000
1273, 1.725961565971370e-001, -4.781839996576310e-002, 3.757418576979347e-001, 0.000000000000000e+000, 0.000000000000000e+000, 8.482771934603619e+004, 0.000000000000000e+000, 3.393108773841446e+004, 3.145853900210899e+002, 0.000000000000000e+000, -3.360613409567629e-001, 1.914129369332932e-005, 4.201168588432591e-003, -4.398563480147408e-004, -6.609539420347384e+002, 2.781265950124286e+000, 0.000000000000000e+000
1299, 1.616173982620240e-001, -4.663335904479030e-002, 3.773934618523875e-001, 0.000000000000000e+000, 0.000000000000000e+000, 8.520620618289072e+004, 0.000000000000000e+000, 3.408248247315628e+004, 3.146061393647796e+002, 0.000000000000000e+000, -3.255669040904073e-001, 1.914225290456254e-005, 4.224987749571646e-003, -4.728659117347591e-004, -6.720604406611768e+002, 2.795787913924378e+000, 0.000000000000000e+000
1325, 1.511152982711790e-001, -4.541423544287680e-002, 3.790800813912249e-001, 0.000000000000000e+000, 0.000000000000000e+000, 8.559476381254743e+004, 0.000000000000000e+000, 3.423790552501897e+004, 3.146346648789692e+002, 0.000000000000000e+000, -3.147932308306945e-001, 1.914357154562403e-005, 4.245152948901489e-003, -5.070965657732919e-004, -6.839085275864633e+002, 2.809047107989380e+000, 0.000000000000000e+000
1351, 1.410477757453920e-001, -4.417625442147250e-002, 3.812905961955456e-001, 0.000000000000000e+000, 0.000000000000000e+000, 8.610143955456425e+004, 0.000000000000000e+000, 3.444057582182570e+004, 3.146622580477027e+002, 0.000000000000000e+000, -3.007444553686495e-001, 1.914484703129195e-005, 4.263494582458617e-003, -5.449891288784839e-004, -6.931063719624378e+002, 2.823538371229259e+000, 0.000000000000000e+000
1377, 1.314679384231570e-001, -4.290277510881420e-002, 3.836671989160731e-001, 0.000000000000000e+000, 0.000000000000000e+000, 8.664801393646571e+004, 0.000000000000000e+000, 3.465920557458627e+004, 3.146982138105402e+002, 0.000000000000000e+000, -2.855893963676510e-001, 1.914650899248166e-005, 4.264117108542739e-003, -5.800083756036453e-004, -6.954148759017097e+002, 2.832956435393074e+000, 0.000000000000000e+000
1403, 1.222792565822600e-001, -4.162334650754930e-002, 3.853845609372495e-001, 0.000000000000000e+000, 0.000000000000000e+000, 8.704028796397471e+004, 0.000000000000000e+000, 3.481611518558988e+004, 3.147142034428550e+002, 0.000000000000000e+000, -2.747126772452200e-001, 1.914724804136262e-005, 4.288203866258246e-003, -6.133846710741181e-004, -7.042423453686733e+002, 2.847371294496527e+000, 0.000000000000000e+000
1429, 1.134960949420930e-001, -4.033208265900610e-002, 3.876486910949316e-001, 0.000000000000000e+000, 0.000000000000000e+000, 8.755587219573343e+004, 0.000000000000000e+000, 3.502234887829336e+004, 3.147293851948358e+002, 0.000000000000000e+000, -2.604168929731781e-001, 1.914794973246163e-005, 4.316815746810822e-003, -6.578891618462741e-004, -7.158698279033483e+002, 2.864957631015385e+000, 0.000000000000000e+000
1455, 1.051684617996220e-001, -3.901563584804530e-002, 3.899485202807027e-001, 0.000000000000000e+000, 0.000000000000000e+000, 8.808295500578941e+004, 0.000000000000000e+000, 3.523318200231576e+004, 3.147566655515366e+002, 0.000000000000000e+000, -2.458022836001197e-001, 1.914921057155400e-005, 4.330942077297013e-003, -7.000233852659053e-004, -7.227120581733751e+002, 2.878095425835089e+000, 0.000000000000000e+000
1481, 9.719923138618471e-002, -3.769797086715700e-002, 3.920483021272718e-001, 0.000000000000000e+000, 0.000000000000000e+000, 8.856623163599185e+004, 0.000000000000000e+000, 3.542649265439673e+004, 3.147885490073857e+002, 0.000000000000000e+000, -2.324023034930348e-001, 1.915068408760578e-005, 4.347823801731219e-003, -7.421049078011041e-004, -7.336560882042394e+002, 2.891675296895660e+000, 0.000000000000000e+000
1507, 8.964005112648010e-002, -3.636518120765690e-002, 3.948509497738592e-001, 0.000000000000000e+000, 0.000000000000000e+000, 8.920760149371377e+004, 0.000000000000000e+000, 3.568304059748549e+004, 3.148176062370048e+002, 0.000000000000000e+000, -2.146188171879811e-001, 1.915202692351482e-005, 4.368323932560308e-003, -7.938142218721101e-004, -7.447326963764173e+002, 2.909022801715417e+000, 0.000000000000000e+000
1533, 8.247101306915280e-002, -3.502155095338820e-002, 3.978797914530281e-001, 0.000000000000000e+000, 0.000000000000000e+000, 8.990395119204259e+004, 0.000000000000000e+000, 3.596158047681703e+004, 3.148598135747655e+002, 0.000000000000000e+000, -1.953108856182871e-001, 1.915397736285068e-005, 4.369160061670012e-003, -8.399558186884436e-004, -7.467831983327413e+002, 2.919220626237219e+000, 0.000000000000000e+000
1559, 7.564741373062130e-002, -3.367514535784720e-002, 4.012556139945860e-001, 0.000000000000000e+000, 0.000000000000000e+000, 9.068107497675809e+004, 0.000000000000000e+000, 3.627242999070323e+004, 3.149095814901864e+002, 0.000000000000000e+000, -1.737633027120576e-001, 1.915627701759304e-005, 4.350713910171502e-003, -8.830156876271610e-004, -7.413946360008896e+002, 2.924974275221124e+000, 0.000000000000000e+000
1585, 6.917616724967959e-002, -3.232324495911600e-002, 4.041742881574678e-001, 0.000000000000000e+000, 0.000000000000000e+000, 9.135242528958898e+004, 0.000000000000000e+000, 3.654097011583558e+004, 3.149500896718186e+002, 0.000000000000000e+000, -1.551485378452960e-001, 1.915814867009299e-005, 4.338993949037219e-003, -9.244727108373258e-004, -7.381264179417366e+002, 2.930202306998900e+000, 0.000000000000000e+000
1611, 6.298619508743290e-002, -3.097752667963500e-002, 4.061240988093364e-001, 0.000000000000000e+000, 0.000000000000000e+000, 9.179634745911238e+004, 0.000000000000000e+000, 3.671853898364494e+004, 3.149611424689090e+002, 0.000000000000000e+000, -1.428397526300546e-001, 1.915865933630522e-005, 4.367036855558570e-003, -9.758601082085643e-004, -7.509595539808071e+002, 2.946016049617372e+000, 0.000000000000000e+000
1637, 5.711802840232850e-002, -2.962872758507730e-002, 4.086625423547526e-001, 0.000000000000000e+000, 0.000000000000000e+000, 9.237588899926058e+004, 0.000000000000000e+000, 3.695035559970423e+004, 3.149808387233801e+002, 0.000000000000000e+000, -1.267706017051225e-001, 1.915956932943184e-005, 4.397769235101852e-003, -1.047761616730418e-003, -7.715144664294797e+002, 2.964802657057624e+000, 0.000000000000000e+000
1663, 5.161416530609130e-002, -2.826815843582150e-002, 4.119471445961672e-001, 0.000000000000000e+000, 0.000000000000000e+000, 9.312834051238658e+004, 0.000000000000000e+000, 3.725133620495463e+004, 3.150146155061480e+002, 0.000000000000000e+000, -1.059071155001081e-001, 1.916112979630808e-005, 4.412552395940666e-003, -1.124551129706427e-003, -7.847215393067794e+002, 2.981569995460124e+000, 0.000000000000000e+000
1689, 4.642483592033390e-002, -2.690353803336620e-002, 4.161152615753771e-001, 0.000000000000000e+000, 0.000000000000000e+000, 9.408442208110465e+004, 0.000000000000000e+000, 3.763376883244185e+004, 3.150608307380310e+002, 0.000000000000000e+000, -7.939750754284768e-002, 1.916326477821340e-005, 4.406407194153034e-003, -1.200606589528603e-003, -7.854950216287464e+002, 2.994082216412016e+000, 0.000000000000000e+000
1715, 4.156750440597530e-002, -2.553076110780240e-002, 4.209762541822745e-001, 0.000000000000000e+000, 0.000000000000000e+000, 9.520181279635604e+004, 0.000000000000000e+000, 3.808072511854241e+004, 3.151214421069616e+002, 0.000000000000000e+000, -4.841522447664952e-002, 1.916606457698644e-005, 4.370834351126241e-003, -1.270943125803796e-003, -7.715249592602158e+002, 2.998837918719578e+000, 0.000000000000000e+000
1741, 3.698146343231200e-002, -2.415761165320870e-002, 4.251583744241230e-001, 0.000000000000000e+000, 0.000000000000000e+000, 9.616644254900180e+004, 0.000000000000000e+000, 3.846657701960071e+004, 3.151832644978757e+002, 0.000000000000000e+000, -2.166859803468607e-002, 1.916892004226437e-005, 4.337842704756491e-003, -1.337536081456927e-003, -7.595401511158568e+002, 3.000567443280662e+000, 0.000000000000000e+000
1767, 3.265759348869320e-002, -2.278346754610540e-002, 4.289252963648943e-001, 0.000000000000000e+000, 0.000000000000000e+000, 9.704171881710395e+004, 0.000000000000000e+000, 3.881668752684157e+004, 3.152587555069217e+002, 0.000000000000000e+000, 2.600493098189979e-003, 1.917240646162243e-005, 4.307133005355257e-003, -1.417419734880492e-003, -7.616836195117427e+002, 3.002967862218377e+000, 0.000000000000000e+000
1793, 2.861636877059940e-002, -2.140477113425730e-002, 4.343858391137457e-001, 0.000000000000000e+000, 0.000000000000000e+000, 9.830064987721712e+004, 0.000000000000000e+000, 3.932025995088684e+004, 3.153341937852130e+002, 0.000000000000000e+000, 3.750731479706148e-002, 1.917589003407453e-005, 4.275475351811941e-003, -1.526119565751417e-003, -7.626657423759245e+002, 3.013008203343398e+000, 0.000000000000000e+000
1819, 2.490270137786870e-002, -2.001537941396240e-002, 4.414753725695045e-001, 0.000000000000000e+000, 0.000000000000000e+000, 9.993253615172328e+004, 0.000000000000000e+000, 3.997301446068931e+004, 3.154211161825229e+002, 0.000000000000000e+000, 8.275519613212202e-002, 1.917990340762559e-005, 4.209950336977573e-003, -1.630897681204810e-003, -7.367734666118546e+002, 3.017099656397851e+000, 0.000000000000000e+000
1845, 2.143678069114690e-002, -1.862346194684510e-002, 4.479001443646191e-001, 0.000000000000000e+000, 0.000000000000000e+000, 1.014231562742240e+005, 0.000000000000000e+000, 4.056926250968961e+004, 3.155340674329667e+002, 0.000000000000000e+000, 1.240861414757107e-001, 1.918511776753281e-005, 4.122015131428215e-003, -1.714754745655818e-003, -7.018478178759633e+002, 3.009115394077065e+000, 0.000000000000000e+000
1871, 1.820489764213560e-002, -1.722909882664680e-002, 4.545277164082381e-001, 0.000000000000000e+000, 0.000000000000000e+000, 1.029738488227832e+005, 0.000000000000000e+000, 4.118953952911328e+004, 3.156871549667998e+002, 0.000000000000000e+000, 1.670827359814162e-001, 1.919218353592606e-005, 4.018181531029402e-003, -1.815603493067304e-003, -6.818816481692209e+002, 2.997746155899042e+000, 0.000000000000000e+000
1897, 1.524919271469120e-002, -1.582761853933330e-002, 4.620861818210083e-001, 0.000000000000000e+000, 0.000000000000000e+000, 1.047488119433419e+005, 0.000000000000000e+000, 4.189952477733674e+004, 3.158758771647152e+002, 0.000000000000000e+000, 2.162977590549146e-001, 1.920089169719799e-005, 3.904532338341677e-003, -1.945198543141049e-003, -6.773815512711751e+002, 2.990770861966443e+000, 0.000000000000000e+000
1923, 1.256430149078370e-002, -1.441901084035630e-002, 4.711999746724460e-001, 0.000000000000000e+000, 0.000000000000000e+000, 1.068913350817637e+005, 0.000000000000000e+000, 4.275653403270547e+004, 3.161022445695502e+002, 0.000000000000000e+000, 2.757042472639464e-001, 1.921133352312357e-005, 3.768894748004756e-003, -2.097157550794858e-003, -6.808748770922600e+002, 2.985588947570880e+000, 0.000000000000000e+000
1949, 1.017087697982790e-002, -1.300184894353150e-002, 4.837899910893560e-001, 0.000000000000000e+000, 0.000000000000000e+000, 1.098321805015514e+005, 0.000000000000000e+000, 4.393287220062055e+004, 3.163465213536263e+002, 0.000000000000000e+000, 3.572460965080532e-001, 1.922259732622637e-005, 3.606099456510522e-003, -2.277067720043171e-003, -6.751258644154199e+002, 2.990233602374615e+000, 0.000000000000000e+000
1975, 8.062899112701419e-003, -1.157660502940420e-002, 4.990266243014875e-001, 0.000000000000000e+000, 0.000000000000000e+000, 1.133918681037294e+005, 0.000000000000000e+000, 4.535674724149175e+004, 3.166274256958407e+002, 0.000000000000000e+000, 4.559467993263160e-001, 1.923554474532453e-005, 3.373283432991092e-003, -2.411301157658964e-003, -6.321981672663807e+002, 2.975091283784332e+000, 0.000000000000000e+000
2001, 6.177186965942380e-003, -1.014706678688530e-002, 5.128945369042067e-001, 0.000000000000000e+000, 0.000000000000000e+000, 1.166597764130451e+005, 0.000000000000000e+000, 4.666391056521804e+004, 3.169446338370512e+002, 0.000000000000000e+000, 5.465572356684695e-001, 1.925015865348984e-005, 3.107900485460024e-003, -2.474031256234901e-003, -5.821991131610613e+002, 2.932283140444893e+000, 0.000000000000000e+000
2027, 4.468053579330440e-003, -8.714943192899231e-003, 5.256519768151134e-001, 0.000000000000000e+000, 0.000000000000000e+000, 1.196920243717079e+005, 0.000000000000000e+000, 4.787680974868313e+004, 3.172906299664488e+002, 0.000000000000000e+000, 6.306334350675789e-001, 1.926609059441261e-005, 2.803669876598182e-003, -2.548551913156098e-003, -5.637278322807465e+002, 2.879050642709208e+000, 0.000000000000000e+000
2053, 3.018766641616820e-003, -7.276044692844150e-003, 5.426336852089126e-001, 0.000000000000000e+000, 0.000000000000000e+000, 1.236951122593091e+005, 0.000000000000000e+000, 4.947804490372362e+004, 3.176406862562066e+002, 0.000000000000000e+000, 7.416284526381571e-001, 1.928220075199488e-005, 2.357444866010787e-003, -2.663093895026593e-003, -5.327327220850153e+002, 2.814726189624903e+000, 0.000000000000000e+000
2079, 1.912891864776610e-003, -5.828497931361200e-003, 5.643951304477655e-001, 0.000000000000000e+000, 0.000000000000000e+000, 1.287958678346069e+005, 0.000000000000000e+000, 5.151834713384276e+004, 3.179867385314390e+002, 0.000000000000000e+000, 8.830588859936107e-001, 1.929811800932436e-005, 1.696233804813622e-003, -2.594576724934629e-003, -4.019530734256560e+002, 2.662307980502720e+000, 0.000000000000000e+000
2105, 1.121968030929570e-003, -4.374681971967220e-003, 5.834538782643225e-001, 0.000000000000000e+000, 0.000000000000000e+000, 1.332747718036092e+005, 0.000000000000000e+000, 5.330990872144366e+004, 3.182964194632083e+002, 0.000000000000000e+000, 1.007247022426017e+000, 1.931235504066261e-005, 9.987962354473185e-004, -2.115935470647507e-003, -1.920463424681482e+002, 2.337700913598741e+000, 0.000000000000000e+000
2131, 5.391836166381840e-004, -2.918316749855880e-003, 5.967339630261800e-001, 0.000000000000000e+000, 0.000000000000000e+000, 1.364011109717017e+005, 0.000000000000000e+000, 5.456044438868065e+004, 3.185132385594907e+002, 0.000000000000000e+000, 1.093932121688714e+000, 1.932231883455149e-005, 4.271161261975772e-004, -1.315253461016172e-003, -7.030572694442172e+000, 1.808657609695058e+000, 0.000000000000000e+000
2157, 1.753866672515870e-004, -1.459796912968160e-003, 6.044847903720837e-001, 0.000000000000000e+000, 0.000000000000000e+000, 1.382177556148778e+005, 0.000000000000000e+000, 5.528710224595110e+004, 3.186168908271756e+002, 0.000000000000000e+000, 1.144302862914098e+000, 1.932708092740473e-005, 5.259775557529433e-005, -2.846839302300428e-004, 8.861128824581428e+001, 8.301774190450472e-001, 0.000000000000000e+000
2183, 0.000000000000000e+000, 0.000000000000000e+000, 6.026551562994349e-001, 0.000000000000000e+000, 0.000000000000000e+000, 1.377888162928474e+005, 0.000000000000000e+000, 5.511552651713894e+004, 3.185924129330292e+002, 0.000000000000000e+000, 1.132409512350165e+000, 1.932595640946162e-005, -2.296440195933790e-005, 8.579836382562061e-004, 5.345245701935541e+001, 1.425695505253012e+000, 0.000000000000000e+000
2209, 1.051127910614010e-004, 1.165737863630060e-003, 5.904244557127131e-001, 0.000000000000000e+000, 0.000000000000000e+000, 1.349288012592375e+005, 0.000000000000000e+000, 5.397152050369501e+004, 3.184422330571036e+002, 0.000000000000000e+000, 1.053108875486590e+000, 1.931905618827126e-005, 2.835112776606410e-004, 1.914423434485865e-003, -9.030299404824217e+001, 2.121231878995262e+000, 0.000000000000000e+000
2235, 3.451704978942870e-004, 2.330780262127520e-003, 5.788451453512466e-001, 0.000000000000000e+000, 0.000000000000000e+000, 1.321830021554728e+005, 0.000000000000000e+000, 5.287320086218911e+004, 3.182024745756160e+002, 0.000000000000000e+000, 9.769751436463250e-001, 1.930803681569303e-005, 7.311471317466180e-004, 2.712935062365091e-003, -2.936613487320152e+002, 2.536920919026740e+000, 0.000000000000000e+000
2261, 7.326900959014890e-004, 3.494375152513380e-003, 5.602455103090911e-001, 0.000000000000000e+000, 0.000000000000000e+000, 1.277965108934235e+005, 0.000000000000000e+000, 5.111860435736939e+004, 3.178563914299922e+002, 0.000000000000000e+000, 8.553493666524294e-001, 1.929212348126307e-005, 1.357191181339838e-003, 3.386778622788893e-003, -5.446626882958658e+002, 2.854389369668436e+000, 0.000000000000000e+000
2287, 1.276999711990360e-003, 4.656096920371060e-003, 5.401846527607435e-001, 0.000000000000000e+000, 0.000000000000000e+000, 1.230639864036225e+005, 0.000000000000000e+000, 4.922559456144898e+004, 3.174527360011871e+002, 0.000000000000000e+000, 7.241290053594315e-001, 1.927355206891191e-005, 2.032420488627774e-003, 3.803019230540061e-003, -7.858340434896161e+002, 3.060565208884024e+000, 0.000000000000000e+000
2313, 1.973092555999760e-003, 5.815388169139620e-003, 5.192789733689501e-001, 0.000000000000000e+000, 0.000000000000000e+000, 1.181493774533347e+005, 0.000000000000000e+000, 4.725975098133388e+004, 3.170450936296696e+002, 0.000000000000000e+000, 5.878599245632600e-001, 1.925478536953890e-005, 2.668868346716587e-003, 3.906964988704925e-003, -9.568896669642203e+002, 3.158964568280149e+000, 0.000000000000000e+000
2339, 2.858132123947140e-003, 6.970721762627360e-003, 4.995516717003309e-001, 0.000000000000000e+000, 0.000000000000000e+000, 1.135325008943823e+005, 0.000000000000000e+000, 4.541300035775292e+004, 3.166869188019446e+002, 0.000000000000000e+000, 4.598461738861074e-001, 1.923828616804242e-005, 3.149758108862135e-003, 3.694428600972104e-003, -9.834735939355696e+002, 3.154703735018915e+000, 0.000000000000000e+000
2365, 3.939032554626460e-003, 8.121287450194361e-003, 4.851545405781578e-001, 0.000000000000000e+000, 0.000000000000000e+000, 1.101441621818419e+005, 0.000000000000000e+000, 4.405766487273676e+004, 3.163528272496227e+002, 0.000000000000000e+000, 3.658965216443090e-001, 1.922288803936487e-005, 3.453999961373313e-003, 3.409280370967531e-003, -9.155977149280399e+002, 3.124941572916943e+000, 0.000000000000000e+000
2391, 5.185037851333620e-003, 9.267500601708891e-003, 4.749949649066935e-001, 0.000000000000000e+000, 0.000000000000000e+000, 1.077305255499677e+005, 0.000000000000000e+000, 4.309221021998709e+004, 3.160385853489524e+002, 0.000000000000000e+000, 2.989727748053650e-001, 1.920839743796315e-005, 3.668755362674312e-003, 3.231625448376433e-003, -8.710677621266022e+002, 3.120321279605141e+000, 0.000000000000000e+000
2417, 6.539613008499150e-003, 1.041201036423440e-002, 4.643112772237954e-001, 0.000000000000000e+000, 0.000000000000000e+000, 1.052194380200147e+005, 0.000000000000000e+000, 4.208777520800588e+004, 3.157745192000056e+002, 0.000000000000000e+000, 2.293469728409191e-001, 1.919621508142170e-005, 3.864972200824997e-003, 3.159523121341224e-003, -9.203900903715485e+002, 3.133574468082236e+000, 0.000000000000000e+000
2443, 7.984459400177000e-003, 1.155596133321520e-002, 4.496012987502129e-001, 0.000000000000000e+000, 0.000000000000000e+000, 1.017788045830806e+005, 0.000000000000000e+000, 4.071152183323223e+004, 3.154424412996478e+002, 0.000000000000000e+000, 1.339473264905956e-001, 1.918088794571440e-005, 4.180519717902068e-003, 3.143823505719124e-003, -1.039826277983012e+003, 3.173411284555987e+000, 0.000000000000000e+000
2469, 9.577721357345579e-003, 1.269672065973280e-002, 4.342405098689396e-001, 0.000000000000000e+000, 0.000000000000000e+000, 9.821383748248882e+004, 0.000000000000000e+000, 3.928553499299551e+004, 3.151611533707343e+002, 0.000000000000000e+000, 3.510023717379523e-002, 1.916789880074359e-005, 4.422929902917358e-003, 2.997310212543226e-003, -1.111585694941053e+003, 3.168321669728043e+000, 0.000000000000000e+000
2495, 1.134461164474490e-002, 1.383305341005330e-002, 4.224176631162260e-001, 0.000000000000000e+000, 0.000000000000000e+000, 9.546139796562988e+004, 0.000000000000000e+000, 3.818455918625194e+004, 3.149024626628200e+002, 0.000000000000000e+000, -4.121761572220472e-002, 1.915594808482735e-005, 4.598890334394155e-003, 2.812335209733691e-003, -1.125143754123779e+003, 3.154224774435711e+000, 0.000000000000000e+000
2521, 1.328635215759280e-002, 1.496464014053340e-002, 4.132441412444969e-001, 0.000000000000000e+000, 0.000000000000000e+000, 9.332574649483373e+004, 0.000000000000000e+000, 3.733029859793348e+004, 3.146915662767790e+002, 0.000000000000000e+000, -1.004335708002470e-001, 1.914620173466188e-005, 4.713264085646172e-003, 2.609354762916696e-003, -1.108578691754985e+003, 3.133574710361304e+000, 0.000000000000000e+000
2547, 1.542121171951290e-002, 1.608993858098980e-002, 4.062113162955126e-001, 0.000000000000000e+000, 0.000000000000000e+000, 9.169152261290015e+004, 0.000000000000000e+000, 3.667660904516005e+004, 3.145339314587005e+002, 0.000000000000000e+000, -1.457462677938098e-001, 1.913891470599617e-005, 4.777745157497296e-003, 2.404404225207333e-003, -1.072812529135057e+003, 3.108995630073933e+000, 0.000000000000000e+000
2573, 1.774638891220090e-002, 1.720915734767910e-002, 4.015229466432099e-001, 0.000000000000000e+000, 0.000000000000000e+000, 9.059408932303305e+004, 0.000000000000000e+000, 3.623763572921321e+004, 3.143980404202852e+002, 0.000000000000000e+000, -1.761751843481075e-001, 1.913263138703425e-005, 4.841477723242153e-003, 2.245436271099638e-003, -1.047827324618501e+003, 3.100072213250957e+000, 0.000000000000000e+000
2599, 2.023851871490480e-002, 1.832416467368600e-002, 3.974192101960484e-001, 0.000000000000000e+000, 0.000000000000000e+000, 8.964338026573506e+004, 0.000000000000000e+000, 3.585735210629402e+004, 3.143110903566329e+002, 0.000000000000000e+000, -2.025358268026826e-001, 1.912861029415464e-005, 4.884055702560646e-003, 2.104341716005217e-003, -1.039027075961472e+003, 3.090287363909919e+000, 0.000000000000000e+000
2625, 2.291005849838260e-002, 1.943397335708140e-002, 3.933751379721221e-001, 0.000000000000000e+000, 0.000000000000000e+000, 8.872023326280514e+004, 0.000000000000000e+000, 3.548809330512205e+004, 3.142722995947331e+002, 0.000000000000000e+000, -2.281322465385065e-001, 1.912681619949876e-005, 4.894514523159393e-003, 1.960567441324640e-003, -1.027764603674697e+003, 3.071729002117703e+000, 0.000000000000000e+000
2651, 2.576607465744020e-002, 2.053830586373810e-002, 3.903997804156111e-001, 0.000000000000000e+000, 0.000000000000000e+000, 8.804193003722448e+004, 0.000000000000000e+000, 3.521677201488979e+004, 3.142464110658585e+002, 0.000000000000000e+000, -2.469397972482212e-001, 1.912561877964358e-005, 4.890986072716471e-003, 1.831906372842946e-003, -1.007979751383889e+003, 3.055499711340517e+000, 0.000000000000000e+000
2677, 2.879580855369570e-002, 2.163846604526040e-002, 3.882377470961337e-001, 0.000000000000000e+000, 0.000000000000000e+000, 8.754951988417971e+004, 0.000000000000000e+000, 3.501980795367188e+004, 3.142290607374029e+002, 0.000000000000000e+000, -2.605930257367634e-001, 1.912481624919501e-005, 4.882846003730368e-003, 1.722882826539974e-003, -9.901113463043757e+002, 3.042920943371839e+000, 0.000000000000000e+000
2703, 3.199326992034910e-002, 2.273553423583510e-002, 3.861461925837050e-001, 0.000000000000000e+000, 0.000000000000000e+000, 8.707875783609628e+004, 0.000000000000000e+000, 3.483150313443850e+004, 3.142322860053544e+002, 0.000000000000000e+000, -2.736460096496135e-001, 1.912496543394573e-005, 4.862062475752936e-003, 1.618947329491382e-003, -9.730099968251724e+002, 3.026801121655779e+000, 0.000000000000000e+000
2729, 3.537228703498840e-002, 2.382827177643780e-002, 3.844433334810108e-001, 0.000000000000000e+000, 0.000000000000000e+000, 8.670010323581100e+004, 0.000000000000000e+000, 3.468004129432439e+004, 3.142516863559763e+002, 0.000000000000000e+000, -2.841450981512721e-001, 1.912586278112124e-005, 4.825954062580643e-003, 1.522732410163960e-003, -9.516169092512948e+002, 3.008827098180758e+000, 0.000000000000000e+000
2755, 3.891497850418090e-002, 2.491953969001770e-002, 3.831682998098654e-001, 0.000000000000000e+000, 0.000000000000000e+000, 8.641984754733939e+004, 0.000000000000000e+000, 3.456793901893575e+004, 3.142782024830522e+002, 0.000000000000000e+000, -2.919158456191227e-001, 1.912708921846377e-005, 4.791073348359183e-003, 1.450973404344586e-003, -9.409759202589321e+002, 2.994220366893666e+000, 0.000000000000000e+000
2781, 4.259017109870910e-002, 2.601420320570470e-002, 3.807814156730623e-001, 0.000000000000000e+000, 0.000000000000000e+000, 8.587682847229233e+004, 0.000000000000000e+000, 3.435073138891692e+004, 3.142610733935096e+002, 0.000000000000000e+000, -3.069723253838289e-001, 1.912629696097220e-005, 4.803863765375069e-003, 1.392216605442425e-003, -9.463269522657398e+002, 2.990103132168234e+000, 0.000000000000000e+000
2807, 4.645630717277530e-002, 2.710510604083540e-002, 3.782057076044087e-001, 0.000000000000000e+000, 0.000000000000000e+000, 8.529282530541581e+004, 0.000000000000000e+000, 3.411713012216632e+004, 3.142496181013754e+002, 0.000000000000000e+000, -3.231651853930992e-001, 1.912576711701603e-005, 4.794552325846745e-003, 1.323777707154608e-003, -9.389529828438067e+002, 2.977337545361955e+000, 0.000000000000000e+000
2833, 5.049252510070800e-002, 2.819604612886910e-002, 3.765823579692948e-001, 0.000000000000000e+000, 0.000000000000000e+000, 8.492123791788443e+004, 0.000000000000000e+000, 3.396849516715376e+004, 3.142293033246717e+002, 0.000000000000000e+000, -3.334683188156247e-001, 1.912482747009401e-005, 4.782812948940442e-003, 1.266834609725887e-003, -9.251357736834350e+002, 2.968325600421846e+000, 0.000000000000000e+000
2859, 5.469727516174320e-002, 2.928791008889680e-002, 3.748835353958604e-001, 0.000000000000000e+000, 0.000000000000000e+000, 8.453506153286154e+004, 0.000000000000000e+000, 3.381402461314461e+004, 3.142178428455744e+002, 0.000000000000000e+000, -3.441759664727543e-001, 1.912429735979136e-005, 4.763337413551728e-003, 1.208586444246289e-003, -9.111989690272085e+002, 2.956564156763814e+000, 0.000000000000000e+000
2885, 5.909299850463870e-002, 3.037821687757970e-002, 3.733462973706799e-001, 0.000000000000000e+000, 0.000000000000000e+000, 8.418809801929977e+004, 0.000000000000000e+000, 3.367523920771990e+004, 3.142166441750228e+002, 0.000000000000000e+000, -3.537963451317942e-001, 1.912424191412319e-005, 4.736628133912782e-003, 1.153747259963960e-003, -8.962990169410688e+002, 2.943168673481533e+000, 0.000000000000000e+000
2911, 6.365954875946039e-002, 3.147093951702120e-002, 3.719739452089628e-001, 0.000000000000000e+000, 0.000000000000000e+000, 8.387965509765848e+004, 0.000000000000000e+000, 3.355186203906339e+004, 3.142204539689822e+002, 0.000000000000000e+000, -3.623486498696271e-001, 1.912441813947435e-005, 4.711892488873583e-003, 1.110777718222410e-003, -8.884074247932042e+002, 2.931314711838787e+000, 0.000000000000000e+000
2937, 6.838649511337280e-002, 3.256905823946000e-002, 3.698312503653930e-001, 0.000000000000000e+000, 0.000000000000000e+000, 8.338845697484986e+004, 0.000000000000000e+000, 3.335538278993994e+004, 3.141902244581701e+002, 0.000000000000000e+000, -3.759682719720157e-001, 1.912301981802542e-005, 4.723334917551415e-003, 1.072799904457242e-003, -8.910951336080930e+002, 2.927666190860325e+000, 0.000000000000000e+000
2963, 7.332068681716920e-002, 3.366525098681450e-002, 3.676614280833638e-001, 0.000000000000000e+000, 0.000000000000000e+000, 8.289151413861527e+004, 0.000000000000000e+000, 3.315660565544610e+004, 3.141610498831126e+002, 0.000000000000000e+000, -3.897471797522508e-001, 1.912167023164819e-005, 4.722659731719536e-003, 1.032236653459765e-003, -8.876507176129318e+002, 2.919011299324456e+000, 0.000000000000000e+000
2989, 7.843562960624691e-002, 3.476550802588460e-002, 3.657552606761794e-001, 0.000000000000000e+000, 0.000000000000000e+000, 8.245465444543608e+004, 0.000000000000000e+000, 3.298186177817443e+004, 3.141339905068512e+002, 0.000000000000000e+000, -4.018601412164459e-001, 1.912041843698456e-005, 4.712175704648264e-003, 9.939369179071255e-004, -8.813030782592987e+002, 2.909709714832491e+000, 0.000000000000000e+000
3015, 8.375442028045650e-002, 3.586603328585620e-002, 3.636240259843631e-001, 0.000000000000000e+000, 0.000000000000000e+000, 8.196624018524325e+004, 0.000000000000000e+000, 3.278649607409730e+004, 3.141035031323878e+002, 0.000000000000000e+000, -4.154025741866869e-001, 1.911900799588177e-005, 4.711175573972611e-003, 9.565800694668785e-004, -8.793115605521759e+002, 2.901245267588946e+000, 0.000000000000000e+000
3041, 8.928063511848450e-002, 3.696753084659580e-002, 3.615692414776956e-001, 0.000000000000000e+000, 0.000000000000000e+000, 8.149638589907509e+004, 0.000000000000000e+000, 3.259855435963003e+004, 3.140777767861850e+002, 0.000000000000000e+000, -4.284303882675058e-001, 1.911781776228941e-005, 4.703928288861619e-003, 9.204422352719701e-004, -8.767585225282262e+002, 2.890912860812333e+000, 0.000000000000000e+000
3067, 9.501701593399051e-002, 3.806984424591060e-002, 3.593537170846326e-001, 0.000000000000000e+000, 0.000000000000000e+000, 8.099163632165312e+004, 0.000000000000000e+000, 3.239665452866124e+004, 3.140569209643740e+002, 0.000000000000000e+000, -4.424257562903312e-001, 1.911685282901670e-005, 4.689757191058037e-003, 8.782883443671679e-004, -8.701202911065469e+002, 2.877952275879151e+000, 0.000000000000000e+000
3093, 1.010102331638340e-001, 3.916422650218010e-002, 3.577395848975483e-001, 0.000000000000000e+000, 0.000000000000000e+000, 8.062163633494546e+004, 0.000000000000000e+000, 3.224865453397818e+004, 3.140327529753150e+002, 0.000000000000000e+000, -4.526848752951702e-001, 1.911573461266100e-005, 4.673283214622060e-003, 8.407598160897072e-004, -8.581912942272095e+002, 2.866028986615562e+000, 0.000000000000000e+000
3119, 1.072062253952030e-001, 4.026277735829350e-002, 3.562925872684228e-001, 0.000000000000000e+000, 0.000000000000000e+000, 8.029128341041053e+004, 0.000000000000000e+000, 3.211651336416421e+004, 3.140161247392288e+002, 0.000000000000000e+000, -4.618446863442398e-001, 1.911496522464743e-005, 4.649142011063557e-003, 8.042050881050380e-004, -8.461677567778401e+002, 2.853632973764406e+000, 0.000000000000000e+000
3145, 1.136637628078460e-001, 4.135302454233170e-002, 3.547161835106266e-001, 0.000000000000000e+000, 0.000000000000000e+000, 7.993351961743244e+004, 0.000000000000000e+000, 3.197340784697297e+004, 3.140062335941563e+002, 0.000000000000000e+000, -4.717645281270579e-001, 1.911450755211575e-005, 4.625153533883169e-003, 7.663420821016729e-004, -8.350021713009562e+002, 2.839884779048438e+000, 0.000000000000000e+000
3171, 1.203565001487730e-001, 4.244164749979970e-002, 3.534348857533662e-001, 0.000000000000000e+000, 0.000000000000000e+000, 7.964384951709505e+004, 0.000000000000000e+000, 3.185753980683801e+004, 3.140025431279057e+002, 0.000000000000000e+000, -4.797963122845340e-001, 1.911433678897052e-005, 4.599021964198492e-003, 7.364614379471765e-004, -8.264743806858357e+002, 2.825913461055833e+000, 0.000000000000000e+000
3197, 1.272729039192200e-001, 4.353231564164160e-002, 3.515543134779937e-001, 0.000000000000000e+000, 0.000000000000000e+000, 7.921373399708157e+004, 0.000000000000000e+000, 3.168549359883262e+004, 3.139774018041771e+002, 0.000000000000000e+000, -4.917222757012111e-001, 1.911317343767266e-005, 4.600215867389801e-003, 7.102897463751510e-004, -8.303101551888285e+002, 2.819104997676428e+000, 0.000000000000000e+000
3223, 1.344466507434840e-001, 4.461721703410150e-002, 3.491940291469454e-001, 0.000000000000000e+000, 0.000000000000000e+000, 7.867342577609431e+004, 0.000000000000000e+000, 3.146937031043772e+004, 3.139435675406480e+002, 0.000000000000000e+000, -5.067035906675295e-001, 1.911160777002773e-005, 4.605837908034708e-003, 6.786626936035004e-004, -8.341008020433122e+002, 2.811066948143824e+000, 0.000000000000000e+000
3249, 1.419069468975070e-001, 4.568861797451970e-002, 3.472696081030776e-001, 0.000000000000000e+000, 0.000000000000000e+000, 7.823505427613462e+004, 0.000000000000000e+000, 3.129402171045384e+004, 3.139243096584630e+002, 0.000000000000000e+000, -5.188584705269431e-001, 1.911071658171964e-005, 4.582320131906834e-003, 6.415906893020013e-004, -8.234380361765271e+002, 2.795914140906818e+000, 0.000000000000000e+000
3275, 1.496536135673520e-001, 4.674641042947770e-002, 3.461339052390690e-001, 0.000000000000000e+000, 0.000000000000000e+000, 7.797568425691483e+004, 0.000000000000000e+000, 3.119027370276592e+004, 3.139101719530344e+002, 0.000000000000000e+000, -5.260501137406107e-001, 1.911006232035919e-005, 4.551333639329855e-003, 6.067971208408124e-004, -8.059874047442232e+002, 2.781938223609898e+000, 0.000000000000000e+000
3301, 1.576814949512480e-001, 4.779172688722610e-002, 3.453610567829229e-001, 0.000000000000000e+000, 0.000000000000000e+000, 7.780286572711462e+004, 0.000000000000000e+000, 3.112114629084585e+004, 3.139153595542704e+002, 0.000000000000000e+000, -5.308419135437341e-001, 1.911030239261944e-005, 4.499995690584139e-003, 5.682460329951323e-004, -7.803986299079668e+002, 2.762244160506934e+000, 0.000000000000000e+000
3327, 1.660248339176180e-001, 4.881371930241580e-002, 3.452279448202701e-001, 0.000000000000000e+000, 0.000000000000000e+000, 7.777541790887529e+004, 0.000000000000000e+000, 3.111016716355010e+004, 3.139256102309707e+002, 0.000000000000000e+000, -5.316029687974014e-001, 1.911077676857433e-005, 4.447903277133179e-003, 5.353254600054679e-004, -7.535160080236116e+002, 2.745587902536985e+000, 0.000000000000000e+000
3353, 1.746245622634890e-001, 4.983090236783030e-002, 3.452607861251450e-001, 0.000000000000000e+000, 0.000000000000000e+000, 7.778843864224455e+004, 0.000000000000000e+000, 3.111537545689781e+004, 3.139483002396585e+002, 0.000000000000000e+000, -5.312419383704701e-001, 1.911182677887450e-005, 4.395853563648742e-003, 5.088738439877999e-004, -7.326783010629122e+002, 2.728855203787492e+000, 0.000000000000000e+000
3379, 1.835020482540130e-001, 5.083692073822020e-002, 3.447027176830909e-001, 0.000000000000000e+000, 0.000000000000000e+000, 7.766295023798590e+004, 0.000000000000000e+000, 3.106518009519435e+004, 3.139492960135560e+002, 0.000000000000000e+000, -5.347213992333540e-001, 1.911187285877764e-005, 4.372326132728388e-003, 4.851607097525735e-004, -7.223316492147378e+002, 2.719206945602940e+000, 0.000000000000000e+000
3405, 1.926559209823610e-001, 5.183169245719910e-002, 3.438969626636489e-001, 0.000000000000000e+000, 0.000000000000000e+000, 7.748048526257939e+004, 0.000000000000000e+000, 3.099219410503175e+004, 3.139455478494996e+002, 0.000000000000000e+000, -5.397806694067594e-001, 1.911169941035690e-005, 4.357484297603970e-003, 4.660821715973897e-004, -7.181031395829104e+002, 2.710594762823622e+000, 0.000000000000000e+000
3431, 2.020680904388430e-001, 5.282276868820190e-002, 3.425261734823751e-001, 0.000000000000000e+000, 0.000000000000000e+000, 7.716500853534395e+004, 0.000000000000000e+000, 3.086600341413757e+004, 3.139185519010405e+002, 0.000000000000000e+000, -5.485280029317269e-001, 1.911045012734813e-005, 4.361517812689958e-003, 4.479202781002848e-004, -7.196662257738467e+002, 2.706705706970950e+000, 0.000000000000000e+000
3457, 2.117756903171540e-001, 5.379525944590570e-002, 3.407870071796631e-001, 0.000000000000000e+000, 0.000000000000000e+000, 7.676374848341571e+004, 0.000000000000000e+000, 3.070549939336627e+004, 3.138798828914290e+002, 0.000000000000000e+000, -5.596538806952639e-001, 1.910866056148431e-005, 4.374341623474089e-003, 4.311172447762546e-004, -7.250139018951172e+002, 2.703316857513019e+000, 0.000000000000000e+000
3483, 2.217475175857540e-001, 5.476229265332220e-002, 3.386018518668877e-001, 0.000000000000000e+000, 0.000000000000000e+000, 7.625819196143835e+004, 0.000000000000000e+000, 3.050327678457534e+004, 3.138249814392749e+002, 0.000000000000000e+000, -5.736716231519305e-001, 1.910611958652833e-005, 4.397890880792300e-003, 4.146556572563688e-004, -7.354872005360806e+002, 2.702463622430929e+000, 0.000000000000000e+000
3509, 2.320270836353300e-001, 5.570466443896290e-002, 3.359264529892468e-001, 0.000000000000000e+000, 0.000000000000000e+000, 7.563829885407213e+004, 0.000000000000000e+000, 3.025531954162885e+004, 3.137529985625938e+002, 0.000000000000000e+000, -5.908596160903580e-001, 1.910278770896008e-005, 4.434426561017933e-003, 3.958126093957342e-004, -7.504695260149886e+002, 2.702377355960215e+000, 0.000000000000000e+000
3535, 2.426079511642460e-001, 5.662427470088010e-002, 3.331272274230676e-001, 0.000000000000000e+000, 0.000000000000000e+000, 7.499452172961987e+004, 0.000000000000000e+000, 2.999780869184794e+004, 3.136965527309069e+002, 0.000000000000000e+000, -6.087098495217641e-001, 1.910017473231168e-005, 4.452151425854476e-003, 3.716857165853120e-004, -7.625120726326674e+002, 2.696748640860502e+000, 0.000000000000000e+000
3561, 2.535301446914670e-001, 5.749983713030820e-002, 3.306017854990352e-001, 0.000000000000000e+000, 0.000000000000000e+000, 7.442009480933219e+004, 0.000000000000000e+000, 2.976803792373287e+004, 3.136717167333618e+002, 0.000000000000000e+000, -6.246371855934555e-001, 1.909902495695918e-005, 4.430356497709457e-003, 3.398962442124459e-004, -7.598383186978313e+002, 2.679745432935599e+000, 0.000000000000000e+000
3587, 2.647941112518310e-001, 5.832639336586000e-002, 3.290238116392487e-001, 0.000000000000000e+000, 0.000000000000000e+000, 7.406285359447282e+004, 0.000000000000000e+000, 2.962514143778912e+004, 3.136631131189578e+002, 0.000000000000000e+000, -6.345425376700525e-001, 1.909862664464337e-005, 4.385506263753227e-003, 3.058719613659404e-004, -7.404646324524377e+002, 2.658525972511817e+000, 0.000000000000000e+000
3613, 2.764054536819460e-001, 5.909530073404310e-002, 3.286538243354462e-001, 0.000000000000000e+000, 0.000000000000000e+000, 7.397837640125731e+004, 0.000000000000000e+000, 2.959135056050292e+004, 3.136580528100527e+002, 0.000000000000000e+000, -6.368848663444520e-001, 1.909839237042974e-005, 4.332202372294208e-003, 2.752411525619855e-004, -7.105367325262730e+002, 2.641177339704498e+000, 0.000000000000000e+000
3639, 2.883291840553280e-001, 5.982166528701780e-002, 3.290319945295836e-001, 0.000000000000000e+000, 0.000000000000000e+000, 7.406474959154584e+004, 0.000000000000000e+000, 2.962589983661833e+004, 3.136633419716483e+002, 0.000000000000000e+000, -6.344899666962585e-001, 1.909863723966085e-005, 4.279043221763945e-003, 2.506502631644303e-004, -6.816338866676202e+002, 2.626051093060463e+000, 0.000000000000000e+000
3665, 3.005529642105100e-001, 6.050977110862730e-002, 3.291802486471986e-001, 0.000000000000000e+000, 0.000000000000000e+000, 7.410251691891845e+004, 0.000000000000000e+000, 2.964100676756737e+004, 3.136819484121237e+002, 0.000000000000000e+000, -6.334427788045562e-001, 1.909949863501559e-005, 4.233912988542477e-003, 2.286907569112062e-004, -6.634415734765386e+002, 2.611917581330723e+000, 0.000000000000000e+000
3691, 3.130726814270020e-001, 6.115816161036490e-002, 3.287499904849916e-001, 0.000000000000000e+000, 0.000000000000000e+000, 7.400520310149282e+004, 0.000000000000000e+000, 2.960208124059712e+004, 3.136800095789645e+002, 0.000000000000000e+000, -6.361410330468560e-001, 1.909940887684785e-005, 4.215767094238862e-003, 2.090943607301939e-004, -6.566014164852023e+002, 2.604486091084708e+000, 0.000000000000000e+000
3717, 3.258830904960630e-001, 6.176609918475150e-002, 3.277236861961875e-001, 0.000000000000000e+000, 0.000000000000000e+000, 7.376701457505825e+004, 0.000000000000000e+000, 2.950680583002330e+004, 3.136495819397992e+002, 0.000000000000000e+000, -6.427453696037925e-001, 1.909800019524746e-005, 4.220446736512042e-003, 1.893219073513575e-004, -6.563153588067893e+002, 2.601997008072138e+000, 0.000000000000000e+000
3743, 3.389919400215150e-001, 6.232085451483730e-002, 3.263948823032826e-001, 0.000000000000000e+000, 0.000000000000000e+000, 7.345834331678748e+004, 0.000000000000000e+000, 2.938333732671499e+004, 3.136087169111793e+002, 0.000000000000000e+000, -6.513040055111911e-001, 1.909610819703654e-005, 4.229658858684772e-003, 1.686531802930806e-004, -6.579406902300345e+002, 2.600113315522745e+000, 0.000000000000000e+000
3769, 3.523894548416140e-001, 6.282301247119899e-002, 3.250059964356362e-001, 0.000000000000000e+000, 0.000000000000000e+000, 7.313727212659251e+004, 0.000000000000000e+000, 2.925490885063700e+004, 3.135723211210333e+002, 0.000000000000000e+000, -6.602064586667855e-001, 1.909442301650030e-005, 4.232741570447134e-003, 1.478756302104029e-004, -6.594617334890997e+002, 2.595857367435524e+000, 0.000000000000000e+000
3795, 3.660713136196140e-001, 6.326690316200261e-002, 3.235213084796494e-001, 0.000000000000000e+000, 0.000000000000000e+000, 7.279667527642466e+004, 0.000000000000000e+000, 2.911867011056986e+004, 3.135443585692698e+002, 0.000000000000000e+000, -6.696503066237481e-001, 1.909312824226244e-005, 4.230759770165835e-003, 1.243982330169847e-004, -6.603207109220929e+002, 2.588814259998839e+000, 0.000000000000000e+000
3821, 3.800389170646670e-001, 6.363599747419360e-002, 3.222470146006058e-001, 0.000000000000000e+000, 0.000000000000000e+000, 7.250676687697378e+004, 0.000000000000000e+000, 2.900270675078950e+004, 3.135306292797866e+002, 0.000000000000000e+000, -6.776886981840671e-001, 1.909249250225635e-005, 4.207841673637501e-003, 9.801632777204826e-005, -6.524239377637000e+002, 2.576054433862635e+000, 0.000000000000000e+000
3847, 3.942807912826540e-001, 6.392400711774830e-002, 3.216083832722533e-001, 0.000000000000000e+000, 0.000000000000000e+000, 7.235928949534336e+004, 0.000000000000000e+000, 2.894371579813734e+004, 3.135142386100853e+002, 0.000000000000000e+000, -6.817778551111561e-001, 1.909173350805206e-005, 4.184433798181980e-003, 7.397897843815423e-005, -6.399014696905225e+002, 2.566028851554696e+000, 0.000000000000000e+000
3873, 4.087766110897060e-001, 6.414406746625900e-002, 3.212523603793656e-001, 0.000000000000000e+000, 0.000000000000000e+000, 7.227705064771987e+004, 0.000000000000000e+000, 2.891082025908794e+004, 3.135049711354328e+002, 0.000000000000000e+000, -6.840581203946704e-001, 1.909130435527566e-005, 4.153602692035237e-003, 5.137605192418556e-005, -6.268462583365736e+002, 2.556626737180669e+000, 0.000000000000000e+000
3899, 4.235162138938900e-001, 6.428562104702000e-002, 3.207547761525907e-001, 0.000000000000000e+000, 0.000000000000000e+000, 7.216374780564720e+004, 0.000000000000000e+000, 2.886549912225888e+004, 3.134990902137073e+002, 0.000000000000000e+000, -6.871997079140461e-001, 1.909103202176167e-005, 4.131903076243225e-003, 2.874002782245788e-005, -6.198622576000899e+002, 2.547869874754034e+000, 0.000000000000000e+000
3925, 4.384851455688480e-001, 6.435070931911470e-002, 3.200430043915531e-001, 0.000000000000000e+000, 0.000000000000000e+000, 7.200198890545561e+004, 0.000000000000000e+000, 2.880079556218224e+004, 3.134920205597586e+002, 0.000000000000000e+000, -6.916848534999256e-001, 1.909070463714552e-005, 4.118101200975194e-003, 5.532746132947164e-006, -6.183201960605588e+002, 2.540719116484266e+000, 0.000000000000000e+000
3951, 4.536674916744230e-001, 6.432612985372541e-002, 3.191362991394208e-001, 0.000000000000000e+000, 0.000000000000000e+000, 7.179837791537844e+004, 0.000000000000000e+000, 2.871935116615137e+004, 3.134936619133620e+002, 0.000000000000000e+000, -6.973304466159742e-001, 1.909078064598785e-005, 4.097352815620120e-003, -2.172237064413365e-005, -6.157637558421919e+002, 2.530760938402980e+000, 0.000000000000000e+000
3977, 4.690417945384980e-001, 6.418871134519580e-002, 3.187122539219531e-001, 0.000000000000000e+000, 0.000000000000000e+000, 7.170598582961089e+004, 0.000000000000000e+000, 2.868239433184435e+004, 3.135068149952137e+002, 0.000000000000000e+000, -6.998922342836682e-001, 1.909138974015033e-005, 4.060670441346605e-003, -4.876167241626526e-005, -6.058229573561464e+002, 2.517833702765303e+000, 0.000000000000000e+000
4003, 4.845884144306180e-001, 6.395482271909710e-002, 3.189224727209072e-001, 0.000000000000000e+000, 0.000000000000000e+000, 7.175894675121445e+004, 0.000000000000000e+000, 2.870357870048577e+004, 3.135315645559763e+002, 0.000000000000000e+000, -6.984237682921648e-001, 1.909253581101391e-005, 4.013715550692042e-003, -7.500634597494552e-005, -5.909090728435236e+002, 2.504334031413693e+000, 0.000000000000000e+000
4029, 5.002762079238890e-001, 6.360501796007161e-002, 3.196069768242563e-001, 0.000000000000000e+000, 0.000000000000000e+000, 7.192393114500114e+004, 0.000000000000000e+000, 2.876957245800045e+004, 3.135793836106426e+002, 0.000000000000000e+000, -6.938491883175547e-001, 1.909475002806795e-005, 3.945942286593075e-003, -1.029305042368588e-004, -5.694497462333494e+002, 2.486136198751816e+000, 0.000000000000000e+000
4055, 5.160748958587650e-001, 6.313349306583400e-002, 3.210754520634727e-001, 0.000000000000000e+000, 0.000000000000000e+000, 7.226819741028509e+004, 0.000000000000000e+000, 2.890727896411403e+004, 3.136392857409440e+002, 0.000000000000000e+000, -6.843035972046281e-001, 1.909752350594775e-005, 3.870655064163913e-003, -1.295282258479311e-004, -5.436229066734023e+002, 2.468256704026895e+000, 0.000000000000000e+000
4081, 5.319590568542480e-001, 6.254477798938750e-002, 3.231946798736097e-001, 0.000000000000000e+000, 0.000000000000000e+000, 7.276276715942947e+004, 0.000000000000000e+000, 2.910510686377178e+004, 3.137150402332030e+002, 0.000000000000000e+000, -6.705904888399125e-001, 1.910103057677276e-005, 3.788242479039244e-003, -1.551307312611661e-004, -5.159122152851985e+002, 2.449119921263532e+000, 0.000000000000000e+000
4107, 5.478921532630920e-001, 6.183055788278580e-002, 3.257922251775053e-001, 0.000000000000000e+000, 0.000000000000000e+000, 7.337045686728785e+004, 0.000000000000000e+000, 2.934818274691514e+004, 3.138129374135848e+002, 0.000000000000000e+000, -6.537408638266533e-001, 1.910556212992853e-005, 3.688375684629936e-003, -1.808516152094528e-004, -4.850353201345295e+002, 2.426770404772726e+000, 0.000000000000000e+000
4133, 5.638301968574519e-001, 6.098204478621480e-002, 3.290281169279672e-001, 0.000000000000000e+000, 0.000000000000000e+000, 7.412587900369331e+004, 0.000000000000000e+000, 2.965035160147732e+004, 3.139259238903645e+002, 0.000000000000000e+000, -6.327950101112676e-001, 1.911079128383459e-005, 3.575126945053191e-003, -2.056930418532684e-004, -4.491472846749513e+002, 2.401519803184935e+000, 0.000000000000000e+000
4159, 5.797371864318850e-001, 5.999837070703510e-002, 3.330842390013136e-001, 0.000000000000000e+000, 0.000000000000000e+000, 7.506719911727865e+004, 0.000000000000000e+000, 3.002687964691145e+004, 3.140410823318232e+002, 0.000000000000000e+000, -6.066946981819306e-001, 1.911612000419979e-005, 3.464016625836459e-003, -2.264982227696397e-004, -4.119523394753335e+002, 2.378331548456005e+000, 0.000000000000000e+000
4185, 5.956164002418520e-001, 5.890367180109020e-002, 3.375003427498137e-001, 0.000000000000000e+000, 0.000000000000000e+000, 7.609208361401680e+004, 0.000000000000000e+000, 3.043683344560671e+004, 3.141634046892534e+002, 0.000000000000000e+000, -5.782773673819741e-001, 1.912177916489491e-005, 3.354031605439663e-003, -2.429206436094249e-004, -3.788570297176338e+002, 2.355662012840821e+000, 0.000000000000000e+000
4211, 6.114472150802610e-001, 5.770172551274300e-002, 3.417007025693345e-001, 0.000000000000000e+000, 0.000000000000000e+000, 7.706937774625492e+004, 0.000000000000000e+000, 3.082775109850197e+004, 3.142869275960146e+002, 0.000000000000000e+000, -5.511795912588532e-001, 1.912749276564967e-005, 3.251543958164051e-003, -2.592125460928820e-004, -3.520403412169963e+002, 2.334821298602484e+000, 0.000000000000000e+000
4237, 6.271871328353880e-001, 5.638685822486880e-002, 3.458159762137252e-001, 0.000000000000000e+000, 0.000000000000000e+000, 7.802981869085616e+004, 0.000000000000000e+000, 3.121192747634246e+004, 3.144168998404030e+002, 0.000000000000000e+000, -5.245491093621899e-001, 1.913350348743780e-005, 3.148029018370771e-003, -2.744480964904451e-004, -3.275309106500863e+002, 2.311392094812852e+000, 0.000000000000000e+000
4263, 6.428214907646180e-001, 5.496648699045180e-002, 3.502661199176113e-001, 0.000000000000000e+000, 0.000000000000000e+000, 7.906681261857030e+004, 0.000000000000000e+000, 3.162672504742811e+004, 3.145476441353069e+002, 0.000000000000000e+000, -4.957960161354047e-001, 1.913954867725349e-005, 3.048404914195543e-003, -2.837936700478985e-004, -3.067071613536965e+002, 2.289313498179556e+000, 0.000000000000000e+000
4289, 6.584149599075320e-001, 5.347967892885210e-002, 3.544061698564088e-001, 0.000000000000000e+000, 0.000000000000000e+000, 8.003539829898890e+004, 0.000000000000000e+000, 3.201415931959555e+004, 3.146814721898641e+002, 0.000000000000000e+000, -4.689397023008623e-001, 1.914573516646499e-005, 2.946306402351005e-003, -2.961887647592022e-004, -2.873800734031593e+002, 2.263613758469861e+000, 0.000000000000000e+000
4315, 6.737585067749020e-001, 5.185642465949060e-002, 3.586116314543436e-001, 0.000000000000000e+000, 0.000000000000000e+000, 8.102669391278364e+004, 0.000000000000000e+000, 3.241067756511345e+004, 3.148430304636181e+002, 0.000000000000000e+000, -4.414537022028938e-001, 1.915320181552318e-005, 2.800445759942777e-003, -3.080183429820816e-004, -2.578985986754232e+002, 2.221091663510397e+000, 0.000000000000000e+000
4341, 6.888993382453920e-001, 5.012673139572140e-002, 3.644216431009193e-001, 0.000000000000000e+000, 0.000000000000000e+000, 8.237970178385993e+004, 0.000000000000000e+000, 3.295188071354396e+004, 3.149969800787011e+002, 0.000000000000000e+000, -4.039383798717536e-001, 1.916031506055861e-005, 2.682666271534671e-003, -3.013594217750820e-004, -2.345031097239164e+002, 2.192175925132861e+000, 0.000000000000000e+000
4367, 7.042160034179690e-001, 4.843495786190030e-002, 3.688876334989259e-001, 0.000000000000000e+000, 0.000000000000000e+000, 8.342303187787345e+004, 0.000000000000000e+000, 3.336921275114937e+004, 3.151245292316389e+002, 0.000000000000000e+000, -3.750096015464953e-001, 1.916620717229279e-005, 2.614508618090248e-003, -2.976604293633843e-004, -2.285728944592888e+002, 2.176883846108536e+000, 0.000000000000000e+000
4393, 7.193410396575930e-001, 4.666095972061160e-002, 3.712282163151159e-001, 0.000000000000000e+000, 0.000000000000000e+000, 8.397574895422254e+004, 0.000000000000000e+000, 3.359029958168900e+004, 3.152123638375304e+002, 0.000000000000000e+000, -3.596842219087057e-001, 1.917026399285231e-005, 2.552468349590992e-003, -3.138395459794513e-004, -2.168810071989271e+002, 2.158297820944692e+000, 0.000000000000000e+000
4419, 7.341139912605290e-001, 4.475884139537810e-002, 3.756049110813869e-001, 0.000000000000000e+000, 0.000000000000000e+000, 8.498813753917972e+004, 0.000000000000000e+000, 3.399525501567188e+004, 3.152952199142101e+002, 0.000000000000000e+000, -3.316133696239932e-001, 1.917409035848421e-005, 2.479054202824614e-003, -3.163569187884853e-004, -1.961155949618757e+002, 2.140388254013709e+000, 0.000000000000000e+000
4445, 7.489700317382810e-001, 4.287994652986530e-002, 3.802491495931748e-001, 0.000000000000000e+000, 0.000000000000000e+000, 8.606695793562839e+004, 0.000000000000000e+000, 3.442678317425135e+004, 3.153977117481521e+002, 0.000000000000000e+000, -3.017005392736525e-001, 1.917882283378677e-005, 2.403403233415786e-003, -3.094069965864085e-004, -1.840238798925603e+002, 2.121516051741067e+000, 0.000000000000000e+000
4471, 7.636658549308780e-001, 4.095442220568660e-002, 3.830501351174746e-001, 0.000000000000000e+000, 0.000000000000000e+000, 8.672129127838317e+004, 0.000000000000000e+000, 3.468851651135326e+004, 3.154717338083664e+002, 0.000000000000000e+000, -2.835576098863087e-001, 1.918224026880320e-005, 2.349909505104325e-003, -3.182453694231275e-004, -1.737364328907847e+002, 2.106102857461364e+000, 0.000000000000000e+000
4497, 7.780403494834900e-001, 3.894298896193500e-002, 3.867275547923586e-001, 0.000000000000000e+000, 0.000000000000000e+000, 8.757619906151587e+004, 0.000000000000000e+000, 3.503047962460634e+004, 3.155522721618405e+002, 0.000000000000000e+000, -2.598532828581803e-001, 1.918595809703078e-005, 2.271907738964101e-003, -3.213046580115530e-004, -1.566898738346209e+002, 2.081351516270018e+000, 0.000000000000000e+000
4523, 7.922744154930110e-001, 3.690845519304280e-002, 3.910928057573856e-001, 0.000000000000000e+000, 0.000000000000000e+000, 8.858894605389397e+004, 0.000000000000000e+000, 3.543557842155758e+004, 3.156385535071561e+002, 0.000000000000000e+000, -2.317724928855880e-001, 1.918994051467659e-005, 2.190878757615270e-003, -3.172038875136611e-004, -1.406194017762785e+002, 2.055458714544560e+000, 0.000000000000000e+000
4549, 8.063289523124690e-001, 3.484725579619410e-002, 3.948634032343577e-001, 0.000000000000000e+000, 0.000000000000000e+000, 8.946644011913787e+004, 0.000000000000000e+000, 3.578657604765514e+004, 3.157211015630280e+002, 0.000000000000000e+000, -2.074419081158926e-001, 1.919375011482307e-005, 2.115328614753689e-003, -3.157275061804387e-004, -1.274141537971724e+002, 2.030533854282075e+000, 0.000000000000000e+000
4575, 8.201366662979130e-001, 3.274982050061230e-002, 3.985815301169338e-001, 0.000000000000000e+000, 0.000000000000000e+000, 9.033432906241695e+004, 0.000000000000000e+000, 3.613373162496677e+004, 3.158100816015434e+002, 0.000000000000000e+000, -1.833776479214212e-001, 1.919785600075134e-005, 2.028438312478320e-003, -3.131460665841766e-004, -1.136131987977045e+002, 1.998311253997895e+000, 0.000000000000000e+000
4601, 8.336892127990720e-001, 3.062343597412110e-002, 4.026599396982929e-001, 0.000000000000000e+000, 0.000000000000000e+000, 9.128476711189127e+004, 0.000000000000000e+000, 3.651390684475650e+004, 3.159004353263509e+002, 0.000000000000000e+000, -1.570245197955324e-001, 1.920202468937285e-005, 1.938873887125581e-003, -3.062056126569631e-004, -1.000337307825946e+002, 1.964717894225982e+000, 0.000000000000000e+000
4627, 8.470668792724610e-001, 2.849674224853520e-002, 4.066095352615574e-001, 0.000000000000000e+000, 0.000000000000000e+000, 9.220664248899731e+004, 0.000000000000000e+000, 3.688265699559892e+004, 3.159911984978755e+002, 0.000000000000000e+000, -1.314633588735613e-001, 1.920621167598404e-005, 1.853788484251797e-003, -2.981838677676456e-004, -8.909932453875015e+001, 1.930222890865569e+000, 0.000000000000000e+000
4653, 8.601957559585570e-001, 2.635983005166050e-002, 4.102452434580442e-001, 0.000000000000000e+000, 0.000000000000000e+000, 9.305692942364315e+004, 0.000000000000000e+000, 3.722277176945725e+004, 3.160788964438039e+002, 0.000000000000000e+000, -1.078871557271445e-001, 1.921025669677219e-005, 1.766929760949092e-003, -2.917412882397796e-004, -7.848347636944352e+001, 1.894074390462277e+000, 0.000000000000000e+000
4679, 8.730279207229610e-001, 2.421026304364200e-002, 4.140784168064517e-001, 0.000000000000000e+000, 0.000000000000000e+000, 9.395280988664160e+004, 0.000000000000000e+000, 3.758112395465663e+004, 3.161677115093594e+002, 0.000000000000000e+000, -8.304676487796014e-002, 1.921435267913646e-005, 1.672754202630399e-003, -2.831096276475946e-004, -6.705864717602772e+001, 1.852417293197141e+000, 0.000000000000000e+000
4705, 8.855857253074650e-001, 2.206263877451420e-002, 4.180894507641340e-001, 0.000000000000000e+000, 0.000000000000000e+000, 9.488986550436619e+004, 0.000000000000000e+000, 3.795594620174646e+004, 3.162575907362194e+002, 0.000000000000000e+000, -5.706469611646862e-002, 1.921849715999741e-005, 1.578034081516760e-003, -2.720579484963075e-004, -5.658893890485987e+001, 1.807685863507803e+000, 0.000000000000000e+000
4731, 8.978731632232670e-001, 1.992686651647090e-002, 4.219101219935098e-001, 0.000000000000000e+000, 0.000000000000000e+000, 9.578414620705109e+004, 0.000000000000000e+000, 3.831365848282043e+004, 3.163472215438362e+002, 0.000000000000000e+000, -3.226866238086619e-002, 1.922262960639475e-005, 1.482384809298698e-003, -2.612443861576909e-004, -4.715085577100927e+001, 1.760932576434170e+000, 0.000000000000000e+000
4757, 9.098071455955510e-001, 1.779403723776340e-002, 4.258034798794830e-001, 0.000000000000000e+000, 0.000000000000000e+000, 9.669590985110129e+004, 0.000000000000000e+000, 3.867836394044050e+004, 3.164384397246831e+002, 0.000000000000000e+000, -6.987873016981429e-003, 1.922683464506218e-005, 1.382393058706990e-003, -2.486460213718137e-004, -3.820917578258499e+001, 1.709511825767529e+000, 0.000000000000000e+000
4783, 9.214465022087100e-001, 1.568681560456750e-002, 4.297884384140377e-001, 0.000000000000000e+000, 0.000000000000000e+000, 9.762918332352840e+004, 0.000000000000000e+000, 3.905167332941135e+004, 3.165302819001034e+002, 0.000000000000000e+000, 1.888932687939055e-002, 1.923106784400904e-005, 1.280822002878318e-003, -2.344774186907409e-004, -3.013028273480850e+001, 1.652751880334842e+000, 0.000000000000000e+000
4809, 9.327191114425660e-001, 1.359959132969380e-002, 4.336136174563162e-001, 0.000000000000000e+000, 0.000000000000000e+000, 9.852635609810104e+004, 0.000000000000000e+000, 3.941054243924041e+004, 3.166210940162732e+002, 0.000000000000000e+000, 4.376555010345960e-002, 1.923525296863010e-005, 1.172551658738704e-003, -2.199024625279528e-004, -2.219351671397300e+001, 1.589396900674075e+000, 0.000000000000000e+000
4835, 9.435870051383970e-001, 1.153454557061200e-002, 4.375870336424253e-001, 0.000000000000000e+000, 0.000000000000000e+000, 9.945756249789632e+004, 0.000000000000000e+000, 3.978302499915852e+004, 3.167114052639956e+002, 0.000000000000000e+000, 6.958543555420055e-002, 1.923941442220537e-005, 1.057273650780678e-003, -2.027911512480843e-004, -1.434923897277206e+001, 1.517024573887996e+000, 0.000000000000000e+000
4861, 9.540644884109500e-001, 9.505425579845911e-003, 4.415407642302484e-001, 0.000000000000000e+000, 0.000000000000000e+000, 1.003848898232994e+005, 0.000000000000000e+000, 4.015395592931976e+004, 3.168019734752585e+002, 0.000000000000000e+000, 9.529776455292051e-002, 1.924358712747771e-005, 9.408001854631408e-004, -1.833067720162566e-004, -7.706618787679792e+000, 1.437101534334448e+000, 0.000000000000000e+000
4887, 9.641631841659550e-001, 7.525455206632610e-003, 4.454254834916697e-001, 0.000000000000000e+000, 0.000000000000000e+000, 1.012969753439584e+005, 0.000000000000000e+000, 4.051879013758335e+004, 3.168923494404543e+002, 0.000000000000000e+000, 1.205874787020835e-001, 1.924775038780505e-005, 8.287081500153308e-004, -1.631880732385818e-004, -2.957509750066206e+000, 1.355865145934408e+000, 0.000000000000000e+000
4913, 9.738758206367490e-001, 5.604205187410120e-003, 4.489326440027975e-001, 0.000000000000000e+000, 0.000000000000000e+000, 1.021217975647790e+005, 0.000000000000000e+000, 4.084871902591158e+004, 3.169768908575748e+002, 0.000000000000000e+000, 1.434576128243310e-001, 1.925164434251608e-005, 7.274477431739798e-004, -1.459018652253852e-004, 3.952851572504736e-001, 1.274883751971779e+000, 0.000000000000000e+000
4939, 9.830872416496280e-001, 3.729917574673890e-003, 4.526609727085831e-001, 0.000000000000000e+000, 0.000000000000000e+000, 1.029896760846690e+005, 0.000000000000000e+000, 4.119587043386761e+004, 3.170377495376667e+002, 0.000000000000000e+000, 1.675215840058506e-001, 1.925444715899174e-005, 6.530674513208187e-004, -1.336741729359120e-004, 7.779822957451787e-001, 1.213851073641668e+000, 0.000000000000000e+000
4965, 9.918504953384401e-001, 1.925029675476250e-003, 4.555713712640285e-001, 0.000000000000000e+000, 0.000000000000000e+000, 1.036519032081365e+005, 0.000000000000000e+000, 4.146076128325460e+004, 3.170379074469571e+002, 0.000000000000000e+000, 1.858833870111380e-001, 1.925445443108020e-005, 6.522539384152490e-004, -1.372910444789693e-004, -6.193775775382520e+000, 1.217879616571835e+000, 0.000000000000000e+000
4991, 1.000000000000000e+000, 1.699999993434180e-004, 4.610408615699655e-001, 0.000000000000000e+000, 0.000000000000000e+000, 1.048747347265277e+005, 0.000000000000000e+000, 4.194989389061106e+004, 3.169726522448544e+002, 0.000000000000000e+000, 2.197892640941949e-001, 1.925144912539063e-005, 1.069367559098072e-003, 1.627501178149523e-004, -2.691709955469292e+002, 1.561607870139033e+000, 0.000000000000000e+000
